"","cattle_48","cattle_52","cattle_56","cattle_60","cattle_62","gorilla_14","gorilla_24","gorilla_34","gorilla_4","gorilla_44","human_1","human_2","human_3"
"10847:Enterobacteria phage phiX174",0,0,0,0,0,0,0,0,0,0,0,0,0
"710736:uncultured Chloroflexi bacterium HF0200_09I09",237.75,0,1941,1911.5,742,0,0,0,93,147.5,277.75,11.5,96.75
"710730:uncultured Acidobacteria bacterium HF0770_27F21",68.25,0,654,243.25,408.5,0,0,0,336.5,443.75,3130,6.75,87.5
"469606:Fusobacterium nucleatum subsp. vincentii 4_1_13",8,0,1521.75,241,171,0,151.25,0,712.25,398.5,1311.25,5,242.5
"645657:Bacillus subtilis subsp. natto BEST195",19.25,0,1354,1943,729.75,0,0,0,356.5,570.25,0,222.5,62.25
"1076935:Pyronema omphalodes CBS 100304",0,0,0,0,0,0,0,0,0,0,0,0,0
"1198108:Acinetobacter baumannii AC12",0,0,0,0,0,0,0,0,0,0,0,0,0
"1389454:Candidatus Actinomarina minuta",0,0,68.5,67,72.75,0,0,0,1361.75,328.5,0,9.25,1243.5
"283909:Capitella teleta",280.25,0,0,0,0,0,0,0,44.625,82.5,0,2668.75,1154.25
"1002809:Solibacillus silvestris StLB046",754.25,571.5,388.25,47.5,1788,0,0,0,0,0,0,0,0
"1385:Bacillales",709.5,432.25,588,644.75,696.75,108.5,0,134.75,15.5,0,15,73.5,14.25
"1412597:Salmonella enterica subsp. enterica serovar Enteritidis str. EC20121180",0,0,0,0,0,0,0,0,316.75,174.25,0,1,2671.25
"515620:[Eubacterium] eligens ATCC 27750",124,200.25,0,0,302.25,500,0,257.5,15.375,30.75,1841.5,0,0
"405955:Escherichia coli APEC O1",0,0,0,0,946,0,0,0,160.625,64.25,0,0,1942.25
"1050222:Paenibacillus sp. Aloe-11",23.75,0,492.5,765.5,204.75,0,0,0,284.125,426.75,535.75,0,494.75
"469587:Bacteroides sp. 2_1_16",85,0,670.25,1665.75,208.5,58.25,0,0,185.125,334.5,0,0,0
"764103:Mixia osmundae IAM 14324",0,0,78,62.75,10.25,0,114.25,0,278.25,475.5,0,4.5,2209.75
"634498:Methanobrevibacter ruminantium M1",185,685.25,0,186.25,1279.75,0,419.25,0,0,0,0,0,0
"697329:Ruminococcus albus 7 = DSM 20455",171,521.75,72.25,135.25,1018.5,391.75,0,350.5,0,0,35,0,0
"717962:Coprococcus catus GD/7",122,311.5,11.75,0,460.75,870.5,138.25,305.25,22.375,44.75,384.75,0,0
"723604:uncultured actinobacterium HF0500_35G12",121.5,0,540.25,102,0,0,332.75,0,752.125,1273,48,5.25,0
"186801:Clostridia",238,348.75,695.75,240.25,72,392.5,0,447.75,0,0,47.5,0,0
"1236689:Candidatus Methanomethylophilus alvus Mx1201",0,0,0,46.25,0,1559.5,208,644.5,0,0,0,0,0
"657324:Butyrivibrio fibrisolvens 16/4",106.25,210,0,117.5,52.75,410.25,131.25,602.75,0,0,742.75,0,0
"1400053:Bacteroidales bacterium CF",355.5,339.5,36.5,45.5,70.75,796.5,0,605.25,48.875,97.75,0,0,0
"34033:environmental samples",100.75,0,336.75,768.25,110.75,0,0,0,361.75,383,2.5,195.25,64.75
"657322:Faecalibacterium prausnitzii SL3/3",68.25,173.75,0,0,102,1023,86.5,503.25,0,0,331,0,12.5
"3818:Arachis hypogaea",197.75,0,349,589.75,240.25,0,70.25,0,252.875,262.75,120.75,0,225.25
"28221:Deltaproteobacteria",6.75,47.25,109.25,298.25,0,11,0,0,405.5,565,0,0,987.25
"469:Acinetobacter",23.75,0,108.75,0,0,12.5,0,47,530.75,576,727.25,0,277.75
"264731:Prevotella ruminicola 23",281,418.75,13.75,49.25,77.5,620.25,0,446.75,5,0,216,0,94.75
"657314:Ruminococcus obeum A2-162",139,173.25,33.5,44.25,41.75,977.75,145.5,435.5,20.625,41.25,78,0,48.25
"751585:Coprococcus sp. ART55/1",88,206.25,0,0,0,352.25,8.5,206.5,169.625,339.25,950.25,0,0
"1833:Rhodococcus erythropolis",0,0,0,0,0,0,2134.25,0,0,0,0,0,0
"48479:environmental samples",110,240,281,689,251.5,86.25,0,84,121.25,83.5,22.5,0,110.75
"1042156:Clostridium sp. SY8519",126.75,145.75,155.5,190.75,82.75,275.75,87.5,365.5,187.625,239.25,147.75,0,65
"657321:Ruminococcus bromii L2-63",224.5,488.25,29,27.25,60,413.25,0,633.5,14.25,28.5,90.25,0,0
"853:Faecalibacterium prausnitzii",122.25,295.5,0,126.25,20.75,685.25,0,399.5,15.625,31.25,277.25,0,14.5
"585543:Bacteroides sp. D20",122.5,487.75,0,188,117.75,918.25,0,105,0,0,31.75,0,0
"39491:Eubacterium rectale",85.75,89.75,12.75,0,0,170,0,160.5,0,0,1368.25,0,0
"667015:Bacteroides salanitronis DSM 18170",299,388,21.75,121,62.75,687.25,0,271,0,0,6.25,0,0
"679935:Alistipes finegoldii DSM 17242",334,672.75,16.5,0,356.25,297.5,0,140.5,0,0,0,0,0
"710741:uncultured Desulfobacterales bacterium HF0200_07G10",0,0,106.5,129.25,117,0,0,0,700.125,987,0,17.75,5.75
"537972:Helicobacter pullorum MIT 98-5489",0,0,0,905,105.75,0,0,0,138.125,276.25,43,0,439
"565638:Enterococcus faecalis T3",0,0,0,0,0,0,0,0,0,0,0,1757,0
"435590:Bacteroides vulgatus ATCC 8482",321.25,302.25,0,55.25,132.25,875.5,0,65.75,0,0,3.75,0,0
"880074:Barnesiella viscericola DSM 18177",242.75,366.25,84.25,233.25,43.5,524.25,0,219.25,0,0,0,0,0
"357809:Lachnoclostridium phytofermentans ISDg",225.75,304,121.25,90.75,189.25,340.25,80.25,238,23.625,31.5,58.25,0,0
"657313:Ruminococcus torques L2-14",197,186.25,17.25,56,83,328.5,146.75,268.25,23,46,248.25,0,91.25
"239759:Alistipes",431.25,661.75,31.5,0,214.75,194,0,113.25,0,0,0,0,0
"457421:Clostridiales bacterium 1_7_47FAA",148.25,242.25,0,0,82.5,435.25,0,314.5,0,0,322.5,0,0
"3659:Cucumis sativus",67.25,0,139.25,85.75,0,0,0,0,169.125,176.5,833.75,13.75,40.75
"688246:Prevotella multisaccharivorax DSM 17128",86.25,216.75,0,0,0,394.25,0,374.25,0,0,401.75,0,50.75
"1392:Bacillus anthracis",0,0,36,83,0,0,0,0,241.125,181.75,0,838,65.5
"29760:Vitis vinifera",6,0,131.5,147.75,0,101,291.25,128.25,302.875,239.75,79.75,0,0
"424182:Rhizobium sp. IRBG74",0,0,0,0,0,0,1495,0,0,0,0,0,0
"694427:Paludibacter propionicigenes WB4",231.25,435.75,62.25,82.75,49.75,401.5,0,169,0,0,0,0,0
"610130:[Clostridium] saccharolyticum WM1",154.75,263.75,0,143.25,121.5,314.5,0,254.25,53,80,61.5,0,0
"585394:Roseburia hominis A2-183",161.75,208,29.25,0,198.75,405.5,0,294.75,0,0,112,0,0
"633147:Olsenella uli DSM 7084",27.75,48.25,0,71.5,0,214,0,1034.25,0,0,0,0,0
"67593:Phytophthora sojae",0,0,0,0,222,0,0,0,0,0,0,761.25,412.75
"515619:Eubacterium rectale ATCC 33656",31.25,126.25,0,0,0,137,0,136.5,0,0,928.25,0,26.5
"710828:uncultured delta proteobacterium HF0130_19C20",47.5,0,347.5,782.25,98,0,0,0,29.75,59.5,0,1.75,6
"709991:Odoribacter splanchnicus DSM 20712",264.25,293,8.75,68.25,33,457.25,0,205.75,0,0,7,0,0
"633697:[Eubacterium] cellulosolvens 6",126.25,264,0,0,54.25,312.5,144.25,355.5,23.5,47,29,0,0
"541000:Ruminococcaceae",161.5,400.25,0,36.75,30,234.25,0,345.75,0,0,115,0,0
"1228997:Riemerella anatipestifer RA-CH-1",0,0,77,234.75,29.5,0,0,0,71.875,0,591.25,0,205
"663278:Ethanoligenens harbinense YUAN-3",94.5,244.5,0,0,56,262,127,468,0,0,0,0,0
"710778:uncultured Pseudomonadales bacterium HF0010_05E14",0,0,13.25,0,0,0,51,0,449,138,6,0,270.5
"715340:Pleosporineae",0,0,0,0,0,0,1249.25,0,0,0,0,0,0
"420247:Methanobrevibacter smithii ATCC 35061",110.5,372,102,0,268.75,72.5,116.75,89.25,37.625,70.25,25.25,0,0
"163735:Phaseoleae",0,0,38.25,358.75,77.5,0,0,0,369.25,695.25,0,0,0
"908937:Prevotella dentalis DSM 3688",183.75,197.75,26.25,0,26.25,361.5,0,196.5,0,0,129.5,0,66.75
"39492:[Eubacterium] siraeum",113.75,230.5,0,0,7,534.25,0,240,0,0,51.25,0,0
"575614:Prevotella sp. oral taxon 299 str. F0039",73.25,182.75,0,0,29,341.25,0,99.25,0,0,432.25,0,25
"565657:Enterococcus faecium 1,231,502",0,0,0,0,0,0,0,0,0,0,0,1164.5,0
"717959:Alistipes shahii WAL 8301",191.5,485,0,0,161,221.75,0,106.5,0,0,0,0,0
"1384484:Adlercreutzia equolifaciens DSM 19450",60.25,61.25,0,0,0,229.75,597.75,130.25,39,0,0,0,0
"710995:uncultured Verrucomicrobiales bacterium HF0010_05E02",48.25,0,366.5,466.75,61.5,0,0,0,102.25,74.25,0,5.25,0
"186803:Lachnospiraceae",167.75,190,67.25,14.75,53,285.5,0,256,3.125,6.25,94,0,0
"207598:Homininae",0,0,0,0,0,0,0,0,0,0,104,493.5,523.25
"1121335:[Clostridium] stercorarium subsp. stercorarium DSM 8532",280.25,205.75,12.25,0,0,220.75,54.25,222,0,0,94.5,0,0
"457416:Veillonella sp. 3_1_44",0,0,9,45.25,27,0,0,0,71.625,44,642.5,0,205.75
"568816:Acidaminococcus intestini RyC-MR95",34.75,96.5,0,0,0,168.5,649.5,125.5,0,0,0,0,0
"658429:Pseudogymnoascus destructans 20631-21",0,0,0,0,0,0,1055,0,0,0,0,0,0
"521095:Atopobium parvulum DSM 20469",0,45.75,20,0,0,146.5,0,813,9.25,18.5,0,0,0
"710830:uncultured delta proteobacterium HF0200_14D13",0,0,0,0,0,0,0,0,137.375,244,21.75,0,721.25
"13333:Amborella trichopoda",0,0,123.5,356,32.5,0,0,0,152.375,113.25,0,56.5,106.25
"1562970:Porphyromonadaceae bacterium ING2-E5B",199.5,175.25,0,162.75,0,318.5,0,132,0,0,0,0,0
"457424:Bacteroides fragilis 3_1_12",77.25,192.5,86.75,72.5,21,406.25,0,49.25,6.625,13.25,0,0,66.25
"710994:uncultured Spirochaetales bacterium HF0500_06B09",0,0,101.75,151,115.5,0,0,0,286.875,452,0,41.5,0
"82115:Rhizobiaceae",0,0,0,0,0,0,967.75,0,0,0,0,0,0
"203275:Tannerella forsythia 92A2",98.25,173.25,45.5,110.75,40,328.5,0,151,0,0,23.25,0,0
"575590:Bacteroidetes oral taxon 274 str. F0058",144.5,230,150.5,0,34.5,240.75,0,149,0,0,0,0,0
"1433126:Mucinivorans hirudinis",137.5,266.75,0,0,43.5,226.75,0,136.75,0,0,94.75,0,0
"358068:uncultured Bacteroidetes bacterium 'SBI2-18 P41A3'",55,0,89,56,7.5,0,0,0,337,388.75,14.5,0,0
"563008:Prevotella oris C735",43.5,127.25,0,0,0,289.5,0,138.25,0,0,244.75,0,71.5
"123214:Persephonella marina EX-H1",0,0,23.75,84.25,73.75,0,10.75,0,254.75,142,0,0,166
"245018:butyrate-producing bacterium SSC/2",99.25,159.25,0,31.25,31.75,235,0,198.75,0,0,130.25,0,0
"272629:Mannheimia haemolytica PHL213",0,0,0,0,0,0,0,0,188.125,63.75,62.5,0,444.75
"717608:[Clostridium] cf. saccharolyticum K10",87.5,223,0,48.5,67,236,0,210.25,0,0,9.5,0,0
"1415165:Bacillus amyloliquefaciens LFB112",36.25,0,220.5,230.5,44.25,0,97.25,0,2.125,0,45.25,182.75,12.5
"158189:Sphaerochaeta globosa str. Buddy",0,209.5,20.25,0,0,443.25,0,178.75,6.125,12.25,0,0,0
"3694:Populus trichocarpa",0,0,0,0,0,0,837.75,9.75,0,0,0,0,0
"290339:Cronobacter sakazakii ATCC BAA-894",0,0,0,0,0,0,0,0,102.125,147.25,21,0,634
"284591:Yarrowia lipolytica CLIB122",0,0,0,0,0,0,839.5,0,0,0,0,0,0
"903814:Eubacterium limosum KIST612",100.25,141.25,0,74.25,124.75,173.75,0,212.5,0,0,2.5,0,0
"85007:Corynebacteriales",0,0,0,0,0,0,843.25,0,0,0,0,0,0
"657319:[Eubacterium] siraeum 70/3",71.25,161.75,0,0,0,243,0,353,0,0,0,0,0
"7176:Culex quinquefasciatus",0,0,0,193.5,0,0,0,0,161.125,322.25,0,229.75,90.75
"679937:Bacteroides coprosuis DSM 18011",173.25,221,8.75,0,37.5,282,0,98.5,0,0,0,0,0
"1577791:Candidatus Methanoplasma termitum",0,0,0,0,62.5,600.5,0,160,0,0,0,0,0
"356:Rhizobiales",10.5,0,59.25,228.5,36.25,0,169.75,0,141.5,82.75,24.5,0,0
"744980:Roseibium sp. TrichSKD4",0,0,0,0,0,0,736.25,0,27.625,0,0,0,0
"227292:Sinorhizobium/Ensifer group",0,0,0,0,0,0,812,0,0,0,0,0,0
"85006:Micrococcales",0,0,0,0,0,0,793.25,0,0,0,0,0,0
"44249:Paenibacillus",99.75,193.75,47.25,0,106.25,170.75,57.5,122.75,0,0,0,0,0
"471856:Jonesia denitrificans DSM 20603",0,0,0,0,0,0,793.5,0,0,0,0,0,0
"469615:Fusobacterium gonidiaformans ATCC 25563",0,0,6,0,0,0,0,0,80.875,79,0,0,619.75
"693979:Bacteroides helcogenes P 36-108",105.75,169.25,0,0,0,421,0,82.25,0,0,0,0,0
"642492:Clostridium lentocellum DSM 5427",93,177.25,0,44.75,57.5,170.25,0,232.25,0,0,0,0,0
"166486:Roseburia intestinalis",57,53,0,0,142.5,177.25,0,126.5,0,0,212,0,0
"158190:Sphaerochaeta pleomorpha str. Grapes",8.5,50.25,0,0,13.25,498.5,0,178,0,0,0,0,0
"698761:Rhizobium tropici CIAT 899",0,0,0,0,0,0,747.25,0,0,0,0,0,0
"1643826:Eggerthellaceae",53.25,85.75,0,0,0,288.75,187,124.75,3.875,7.75,0,0,0
"1263:Ruminococcus",103.5,225.25,0,0,63.5,169.25,0,179.75,0,0,5,0,0
"246198:Prevotella intermedia 17",47.5,147,0,0,0,197.5,0,113.25,0,0,240.5,0,0
"868129:Prevotella bivia DSM 20514",67.5,102.25,0,0,0,249.25,0,124.25,0,0,173.75,0,22
"710731:uncultured Acidobacteria bacterium HF4000_26D02",0,0,119,124.75,60.5,0,0,0,187.875,306.25,0,17.25,40
"1168034:Draconibacterium orientale",96.25,133,0,0,55.5,309,0,134.75,0,0,0,0,0
"1054217:Thermoplasmatales archaeon BRNA1",17.75,0,0,0,0,502.75,0,174.25,5.625,11.25,0,0,0
"49546:Flavobacteriaceae",99.75,170.25,14.75,37,0,236.75,0,144.5,0,0,2.5,0,0
"234621:Rhodococcus erythropolis PR4",0,0,0,0,0,0,676.5,0,0,0,0,0,0
"471855:Slackia heliotrinireducens DSM 20476",63.5,145.75,0,0,0,212.5,62,181,0,0,0,0,0
"84998:Coriobacteriia",0,9.75,0,0,0,144,382.5,123,0,0,0,0,0
"760011:Sphaerochaeta coccoides DSM 17374",11.75,48.5,0,8.75,0,426,0,162,0,0,0,0,0
"1145276:Lysinibacillus varians",222.5,154.5,0,89.25,185.75,0,0,0,0,0,0,0,0
"520449:Brucella sp. 83/13",0,0,47.5,62,0,0,139,0,151.5,0,0,0,93.75
"720554:[Clostridium] clariflavum DSM 19732",86,166,0,41.5,70.5,130.75,0,139.75,0,0,0,0,0
"1216932:Clostridium sp. M2/40",40,68,10.25,0,201.5,157.5,0,156.25,0,0,0,0,0
"469585:Bacteroides sp. 1_1_14",32.5,46.75,32,118.5,62.75,306.5,0,0,0,0,0,0,33.5
"399320:Sphaerochaeta",0,0,0,43.5,0,423.5,0,155,3.5,7,0,0,0
"405948:Saccharopolyspora erythraea NRRL 2338",0,0,0,0,0,0,627.5,0,0,0,0,0,0
"226186:Bacteroides thetaiotaomicron VPI-5482",13.75,0,0,0,0,339.75,0,0,32.875,65.75,204.5,0,0
"38018:unidentified phage",0,28.75,0,0,0,411,0,113,32.25,64.5,0,0,0
"349161:Desulfotomaculum reducens MI-1",9.25,0,0,0,0,0,605.75,0,0,0,0,0,0
"717961:[Eubacterium] siraeum V10Sc8a",22.75,43.25,0,0,0,200.75,0,165.5,0,0,174.75,0,0
"879243:Porphyromonas asaccharolytica DSM 20707",66.5,113.25,0,25,0,186.25,0,124.25,42.125,84.25,0,0,0
"213849:Campylobacterales",0,0,32.75,292.25,97,0,77.25,0,19.75,22.5,0,0,59.25
"572479:Halanaerobium praevalens DSM 2228",0,596.5,0,0,0,0,0,0,0,0,0,0,0
"293826:Alkaliphilus metalliredigens QYMF",62.75,62.5,0,0,0,71,124.25,95,83.625,167.25,0,0,0
"565647:Enterococcus faecalis E1Sol",0,0,0,0,0,0,570.5,0,0,0,0,0,0
"1064535:Megasphaera elsdenii DSM 20460",5.75,51,0,0,0,113.25,196.75,109.25,0,0,92.5,0,0
"927704:Selenomonas ruminantium subsp. lactilytica TAM6421",44,94.5,0,0,0,149,0,164.25,57.125,114.25,0,0,0
"699246:Mageeibacillus indolicus UPII9-5",82.5,101.25,0,0,0,208.5,0,169,0,0,0,0,0
"31969:Mollicutes",0,8.25,136.5,58.5,0,0,0,0,33.125,33,37.5,0,239
"1437201:Pentapetalae",0,0,0,0,0,69.5,357.25,60,24.125,43.75,0,0,0
"817:Bacteroides fragilis",58,50.75,0,0,65.5,273.75,0,46.5,0,0,21,0,26.25
"717960:Faecalitalea cylindroides T2-87",95.75,79.75,0,0,0,181,0,183.75,0,0,0,0,0
"1249480:Candidatus Sulfuricurvum sp. RIFRC-1",0,0,0,0,0,0,537,0,0,0,0,0,0
"118200:Picoides pubescens",0,0,0,0,0,0,0,0,0,0,0,148,382
"469378:Cryptobacterium curtum DSM 15641",0,20,0,0,0,163.25,264.25,81,0,0,0,0,0
"186817:Bacillaceae",159.75,151.75,62,0,82.75,24.25,0,46.5,0,0,0,0,0
"4155:Erythranthe guttata",0,0,0,0,0,0,505.25,9.75,0,0,0,0,0
"931626:Acetobacterium woodii DSM 1030",84.25,127,0,0,73.5,100.75,0,110.25,3.5,7,19.25,0,0
"10842:Microvirus",0,0,0,0,0,0,0,0,0,0,0,0,0
"183967:Thermoplasmata",0,0,0,0,0,354,0,161.5,0,0,0,0,0
"205918:Pseudomonas syringae pv. syringae B728a",0,0,0,0,0,0,515.5,0,0,0,0,0,0
"479437:Eggerthella lenta DSM 2243",0,44,0,0,0,216.5,148.75,94.25,3.75,7.5,0,0,0
"837:Porphyromonas gingivalis",72.75,125.5,0,0,41.5,197.25,0,74,0,0,0,0,0
"5506:Fusarium",0,0,0,0,0,0,506.75,0,0,0,0,0,0
"941639:Bacillus coagulans 2-6",0,0,106.25,116,0,0,0,0,10.375,20.75,51.25,209.5,0
"573061:Clostridium cellulovorans 743B",126,150.75,0,0,0,96.25,0,129.75,0,0,0,0,0
"1505:[Clostridium] sordellii",73.75,205.75,0,0,53.5,77,0,88,0,0,0,0,0
"357276:Bacteroides dorei",23.75,18.5,0,0,0,367.25,0,87.75,0,0,0,0,0
"391:Rhizobium sp.",0,62.25,0,0,0,0,189.25,11,36.875,28.5,9.5,0,151.25
"526226:Gordonia bronchialis DSM 43247",0,0,0,0,0,0,495.5,0,0,0,0,0,0
"4565:Triticum aestivum",0,0,0,305.5,0,0,0,0,75,150,0,0,39.75
"767031:Prevotella denticola F0289",28.75,47,0,0,0,167.5,0,71.25,0,0,178.75,0,0
"1286171:Eubacterium acidaminophilum DSM 3953",50.75,119.5,0,39,0,151.25,0,132.5,0,0,0,0,0
"723599:uncultured verrucomicrobium HF0500_18J03",0,0,148.75,87.5,0,0,0,0,128.375,201,0,0,0
"59374:Fibrobacter succinogenes subsp. succinogenes S85",110.25,91,5.5,0,0,154.25,0,130,0,0,0,0,0
"1354302:Aeromonas hydrophila 4AK4",0,0,0,0,0,0,0,0,26.125,0,0,0,438.5
"394503:[Clostridium] cellulolyticum H10",0,48,0,0,0,11,404,22.25,0,0,2.75,0,0
"446469:Sanguibacter keddieii DSM 10542",0,0,0,0,0,0,487.5,0,0,0,0,0,0
"2093:Mycoplasma",0,110.25,0,0,324.5,40,0,10.5,0,0,0,0,0
"1353243:Streptococcus anginosus subsp. whileyi MAS624",53.25,9.75,87.25,229.25,0,0,0,0,0,0,0,74,28.5
"700015:Coriobacterium glomerans PW2",0,9,0,0,0,140.25,0,297.25,0,0,0,0,35.25
"33926:Candidatus Phytoplasma",0,0,58.25,282.5,25.25,0,0,0,56.625,76.5,0,0,0
"93759:Corchorus olitorius",0,0,0,11,0,0,0,0,130.25,52.25,0,0,205.75
"37682:Aegilops tauschii",29.75,0,100.5,128.5,71.75,0,0,100.5,22.375,13.75,0,0,0
"227290:Rhizobium/Agrobacterium group",0,0,0,0,0,0,469.75,0,0,0,0,0,0
"985665:Paenibacillus terrae HPL-003",0,0,0,0,0,0,466.75,0,0,0,0,0,0
"171551:Porphyromonadaceae",64.25,121,0,0,42.5,154.75,0,77,0,0,3.25,0,0
"1246626:Bacillus lehensis G1",0,459.5,0,0,0,0,0,0,0,0,0,0,0
"502558:Eggerthella sp. YY7918",0,28.25,0,0,0,199,0,90.5,62.875,0,12.5,0,0
"545694:Treponema primitia ZAS-2",0,43,0,0,262,77.5,0,70.75,0,0,0,0,0
"1461584:Arthrobacter sp. 11W110_air",0,0,0,0,0,0,452.5,0,0,0,0,0,0
"136843:Pseudomonas fluorescens group",0,0,0,0,0,0,450.5,0,0,0,0,0,0
"710824:uncultured delta proteobacterium HF0070_10I02",0,0,4.5,315.25,0,0,0,0,29.125,0,0,68,0
"441894:Struthio camelus australis",0,0,0,0,0,0,0,444,0,0,0,0,0
"1502:Clostridium perfringens",0,72,0,60,92.25,55.5,0,56.5,0,0,105.25,0,0
"715989:sordariomyceta",0,0,0,0,0,0,431.5,0,0,0,0,2.5,0
"710785:uncultured Rhodobacterales bacterium HF4000_03E16",0,0,29.5,226.75,24.75,0,41,0,55.625,79.25,0,0,0
"641107:Clostridium sp. DL-VIII",0,27.75,0,0,286.5,52.75,0,37.5,0,0,28.25,0,0
"591001:Acidaminococcus fermentans DSM 20731",11.25,81.25,0,0,0,136.75,116.5,86.5,0,0,0,0,0
"573413:Spirochaeta smaragdinae DSM 11293",0,43.5,0,0,0,146,148.75,76.5,0,0,0,0,0
"2303:Thermoplasma acidophilum",0,0,31.5,0,42.75,0,0,0,169.125,271,0,0,0
"1231336:Lactobacillus shenzhenensis LY-73",0,23,0,0,0,0,0,10,0,0,376,0,0
"771875:Fervidobacterium pennivorans DSM 9078",17,0,126.25,105,0,0,0,0,71.25,69.5,16.5,0,0
"457390:Bacteroides sp. 3_1_23",0,8.25,0,25,0,373.75,0,0,0,0,0,0,0
"213468:Syntrophaceae",0,0,0,0,406,0,0,0,0,0,0,0,0
"710732:uncultured Acidobacteriales bacterium HF0200_23L05",0,0,44.75,153.75,93.25,0,0,0,52.375,98.75,0,0,0
"657318:Eubacterium rectale DSM 17629",0,0,0,0,0,64.25,0,75.25,0,0,255.75,0,0
"657315:Roseburia intestinalis M50/1",0,27.5,0,0,0,47.5,0,101,32.125,64.25,155,0,0
"3398:Magnoliophyta",0,0,0,0,0,25.25,180,58.25,63.75,127.5,0,0,0
"1295009:Candidatus Methanomassiliicoccus intestinalis Issoire-Mx1",0,32.75,0,0,0,179,0,61,0,0,0,0,117
"33090:Viridiplantae",0,0,0,0,0,0,0,0,170.875,269,4.25,42.75,0
"565658:Enterococcus faecium 1,231,501",0,0,0,0,0,0,0,0,0,0,0,387.25,0
"999809:Sporisorium reilianum SRZ2",0,0,0,0,384.5,0,0,0,0,0,0,0,0
"565652:Enterococcus casseliflavus EC30",0,0,0,0,0,0,0,0,0,0,0,384,0
"3700:Brassicaceae",0,0,0,0,0,0,0,0,0,0,0,279,105
"1128398:[Clostridium] acidurici 9a",32.25,57.75,0,0,71.75,68.5,0,151,0,0,0,0,0
"712:Pasteurellaceae",0,0,0,230.5,0,117.25,0,20,0,0,0,0,6
"68336:Bacteroidetes/Chlorobi group",38,47.25,0,0,71.25,110.25,0,93.25,0,0,12.75,0,0
"1343839:uncultured bacterium 125003-E23",0,0,40.5,103.75,0,0,0,0,83.875,42.75,0,0,59.75
"439495:Pseudovibrio sp. JE062",0,0,47,5.25,45.5,0,0,0,88.375,42,34.5,0,61.5
"360115:Coxiella burnetii RSA 331",29.75,0,65,89.75,65.5,0,0,0,0,0,119.75,0,0
"350688:Alkaliphilus oremlandii OhILAs",41.5,131.5,0,0,0,89.5,0,102.25,0,0,0,0,0
"697281:Mahella australiensis 50-1 BON",31,67.25,0,0,55.75,94.5,0,110.5,0,0,0,0,0
"1663:Arthrobacter",0,0,0,0,0,0,358.5,0,0,0,0,0,0
"911045:Pseudovibrio sp. FO-BEG1",0,0,0,0,0,0,356.25,0,0,0,0,0,0
"379:Rhizobium",0,0,0,0,0,0,344.5,0,0,0,0,0,0
"269800:Thermobifida fusca YX",0,0,342.75,0,0,0,0,0,0,0,0,0,0
"1531429:Coriobacteriaceae bacterium 68-1-3",0,17.5,0,0,0,114,124.25,84.5,0,0,0,0,0
"1461583:Lysinibacillus sp. 13S34_air",138.75,119.25,5,5.25,70.75,0,0,0,0,0,0,0,0
"1076934:Streptococcus lutetiensis 033",0,0,45.75,0,0,0,0,59.25,107.75,215.5,14.25,0,0
"698758:Amphibacillus xylanus NBRC 15112",0,30.5,17.5,144.75,123.5,0,0,0,9,0,0,0,0
"1511:[Clostridium] sticklandii",41.5,60.25,33.75,0,0,85,9.5,98.75,0,0,0,0,0
"455066:uncultured planctomycete 3FN",0,0,33.75,5.75,0,0,0,0,11.25,0,46.75,106.25,110.5
"320371:Burkholderia pseudomallei 1710a",0,0,44.25,82.25,0,0,0,0,99,100.25,0,0,0
"204536:Sulfurihydrogenibium azorense Az-Fu1",9.5,0,115,101.25,75.25,0,0,0,10.875,21.75,0,0,0
"335541:Syntrophomonas wolfei subsp. wolfei str. Goettingen G311",6.75,78.25,0,0,108.5,64.25,0,63,0,0,0,0,0
"1412551:Salmonella enterica subsp. enterica serovar Enteritidis str. EC20121753",0,0,0,0,0,0,0,0,17.25,0,0,0,278
"1429044:Vibrio parahaemolyticus UCM-V493",0,0,0,0,0,0,0,0,24.5,0,0,0,262.25
"243160:Burkholderia mallei ATCC 23344",0,0,0,5.25,0,0,206,0,26.375,0,0,0,47
"572544:Ilyobacter polytropus DSM 2926",109.75,84.5,0,0,0,36.75,0,53.5,0,0,25.75,0,0
"391615:gamma proteobacterium HTCC5015",0,0,4.25,0,0,0,0,0,152.125,212.75,0,0,0
"44000:Caldicellulosiruptor",46,121.75,0,5.5,0,76.75,0,56.25,0,0,0,0,0
"340:Xanthomonas campestris pv. campestris",0,0,0,0,0,0,306,0,0,0,0,0,0
"710992:uncultured Sphingobacterium sp. EB080_L08E11",0,0,0,261,0,0,0,0,22.125,0,0,0,0
"880072:Desulfobacca acetoxidans DSM 11109",0,0,0,0,0,0,199.5,0,50.5,0,0,0,0
"81850:Leuconostocaceae",0,0,0,0,0,0,299.5,0,0,0,0,0,0
"334413:Finegoldia magna ATCC 29328",65.25,63.25,0,0,0,74.75,0,94.75,0,0,0,0,0
"506:Alcaligenaceae",0,276.5,0,0,0,0,21,0,0,0,0,0,0
"324057:Paenibacillus sp. JDR-2",10.25,51.25,0,0,211,24.25,0,0,0,0,0,0,0
"546269:Filifactor alocis ATCC 35896",12.25,68.5,0,0,0,85.5,0,127.75,0,0,0,0,0
"28132:Prevotella melaninogenica",7,50.5,0,0,22,124.25,0,65,0,0,19.5,0,0
"137:Spirochaetaceae",0,0,0,0,0,199.75,0,83.5,0,0,0,0,0
"841:Roseburia",12.5,18.5,0,0,20,79,51.25,50.25,0,0,51.25,0,0
"28173:Vibrio nigripulchritudo",0,0,0,0,0,0,279.25,0,0,0,0,0,0
"931276:Clostridium saccharoperbutylacetonicum N1-4(HMT)",37,46.75,0,0,79.75,43,0,62,4.875,9.75,0,0,0
"412133:Trichomonas vaginalis G3",15.75,32.75,0,0,0,177.75,0,19.5,0,0,26.75,0,0
"294:Pseudomonas fluorescens",0,0,0,0,0,0,271.75,0,0,0,0,0,0
"33990:Rickettsia bellii",269,0,0,0,0,0,0,0,0,0,0,0,0
"723556:uncultured myxobacterium HF0200_01L06",0,0,84,185,0,0,0,0,0,0,0,0,0
"743721:Pseudoxanthomonas suwonensis 11-1",0,0,0,0,0,0,269,0,0,0,0,0,0
"179676:Culicoides sonorensis",0,0,0,0,0,0,0,0,133.875,0,0,0,0
"1136179:Rhodococcus erythropolis CCM2595",0,0,0,0,0,0,266.75,0,0,0,0,0,0
"29521:Brachyspira",132,48.5,0,0,0,41.5,0,40,0,0,0,0,0
"718255:Roseburia intestinalis XB6B4",0,28.25,0,0,0,72.75,0,82.5,0,0,77.5,0,0
"575598:Lactobacillus crispatus SJ-3C-US",0,0,58.75,42.75,0,0,0,0,39.75,51.75,80,0,0
"511995:Candidatus Azobacteroides pseudotrichonymphae genomovar. CFP2",9.5,72.25,0,0,0,114.25,0,64,0,0,0,0,0
"1678:Bifidobacterium",11,42.25,0,0,0,68.75,20.25,94.25,0,0,22.25,0,0
"86416:Clostridium pasteurianum BC1",0,45.5,0,0,168.75,0,0,43.75,0,0,0,0,0
"387093:Sulfurovum sp. NBC37-1",0,0,0,257.75,0,0,0,0,0,0,0,0,0
"57723:Acidobacteria",0,0,56.25,135.75,6.75,0,0,0,29,58,0,0,0
"1577788:Methanomassiliicoccaceae",0,0,0,0,0,202,0,50.25,0,0,0,0,0
"32069:Aquificales",0,0,0,0,250.5,0,0,0,0,0,0,0,0
"545695:Treponema azotonutricium ZAS-9",39.75,53.5,0,0,0,87,0,69,0,0,0,0,0
"469590:Bacteroides sp. 2_2_4",6.5,35.25,0,0,0,194.25,0,0,0,0,0,0,0
"1716:Corynebacterium",0,0,0,0,0,12.25,223.5,0,0,0,0,0,0
"869729:Escherichia coli UM146",0,0,0,0,0,0,0,0,0,0,0,0,234.25
"546271:Selenomonas sputigena ATCC 35185",0,47.5,0,0,0,77.25,0,108.5,0,0,0,0,0
"484770:Pelosinus sp. UFO1",0,42.75,0,0,23,79.25,0,64.5,0,0,22.5,0,0
"650150:Erysipelothrix rhusiopathiae str. Fujisawa",0,0,0,0,0,0,231,0,0,0,0,0,0
"349741:Akkermansia muciniphila ATCC BAA-835",47.25,69,0,0,0,70.5,0,43.25,0,0,0,0,0
"1209989:Tepidanaerobacter acetatoxydans Re1",41.75,60,0,8.75,0,51.75,0,66,0,0,0,0,0
"265311:Mesoplasma florum L1",0,0,4,66,0,0,0,0,26.625,10.5,0,0,104.5
"581112:uncultured bacterium URE4",0,45.25,0,0,0,108.5,0,73.75,0,0,0,0,0
"1344042:Enterococcus faecium T110",0,0,0,0,0,0,0,0,0,0,0,227,0
"696281:Desulfotomaculum ruminis DSM 2154",0,20,0,145,0,24.75,0,36.5,0,0,0,0,0
"61635:Acholeplasma brassicae",39.75,51.25,0,0,0,76,0,59,0,0,0,0,0
"186807:Peptococcaceae",52,46.25,0,0,0,56,0,71.25,0,0,0,0,0
"760192:Haliscomenobacter hydrossis DSM 1100",49.5,41,0,0,0,88.5,0,46,0,0,0,0,0
"4751:Fungi",0,0,0,224.75,0,0,0,0,0,0,0,0,0
"267872:Microcystis aeruginosa PCC 7806",223.75,0,0,0,0,0,0,0,0,0,0,0,0
"93758:Corchorus",0,0,0,0,0,0,0,0,35.625,0,0,0,150
"338187:Vibrio campbellii ATCC BAA-1116",0,0,0,0,0,0,0,0,43.875,0,46,0,82.25
"666686:Bacillus sp. 1NLA3E",21.75,19.75,0,0,174.5,0,0,0,0,0,0,0,0
"929562:Emticicia oligotrophica DSM 17448",0,44,0,0,108.75,63,0,0,0,0,0,0,0
"338:Xanthomonas",0,0,0,0,0,99,115.25,0,0,0,0,0,0
"1541959:Mollicutes bacterium HR1",25.25,54.5,0,0,0,70.25,0,63.75,0,0,0,0,0
"72294:Campylobacteraceae",0,0,0,206.25,6.75,0,0,0,0,0,0,0,0
"225849:Shewanella piezotolerans WP3",0,0,0,0,0,0,53.5,0,55.25,42.75,19.5,0,27.5
"29159:Crassostrea gigas",0,0,0,0,0,0,0,0,0,0,0,132,78.5
"32022:Campylobacter jejuni subsp. jejuni",0,0,0,159,51,0,0,0,0,0,0,0,0
"768710:Desulfosporosinus youngiae DSM 17734",5.75,0,0,0,169.5,0,0,34.75,0,0,0,0,0
"657308:Gordonibacter pamelaeae 7-10-1-b",0,0,0,0,0,145,0,65,0,0,0,0,0
"1643824:Atopobiaceae",0,0,0,0,0,0,0,209.25,0,0,0,0,0
"716545:saccharomyceta",0,0,0,0,0,0,207.5,0,0,0,0,0,0
"5125:Hypocreales",0,0,0,0,0,0,207.25,0,0,0,0,0,0
"3906:Vicia faba",0,0,0,0,0,0,0,0,103.5,207,0,0,0
"572307:Neospora caninum Liverpool",0,0,0,0,0,0,171.25,21,0,0,0,0,13.25
"520141:Mycobacterium tuberculosis T85",0,0,0,0,0,0,0,0,102.625,0,0,0,0
"1335916:Escherichia coli LY180",0,0,0,0,0,0,0,0,38.125,0,0,0,125
"657316:Megamonas hypermegale ART12/1",0,28.25,0,0,0,84.25,0,68.75,0,0,17.5,0,0
"410358:Methanocorpusculum labreanum Z",132.5,44.25,0,0,0,0,0,21.25,0,0,0,0,0
"86661:Bacillus cereus group",65,118.5,0,0,14.5,0,0,0,0,0,0,0,0
"5178:Helotiales",0,0,0,0,0,0,197.5,0,0,0,0,0,0
"481448:Methylacidiphilum infernorum V4",0,0,0,0,0,0,0,0,97.125,194.25,0,0,0
"559301:Lactobacillus gasseri MV-22",0,0,22.5,0,0,0,0,0,27.625,55.25,110.75,5.5,0
"33033:Parvimonas micra",12,59.75,0,0,0,58.25,0,63.25,0,0,0,0,0
"68570:Streptomyces albulus",0,0,0,0,0,0,190.5,0,0,0,0,0,0
"3760:Prunus persica",0,0,0,0,0,0,0,10,0,0,180,0,0
"651822:Fretibacterium fastidiosum",0,27.75,0,0,0,70,0,80.5,0,0,11.25,0,0
"457395:Bacteroides sp. 9_1_42FAA",6.25,79.25,0,0,0,103.25,0,0,0,0,0,0,0
"28890:Euryarchaeota",0,0,5.25,16.75,97.25,67.5,0,0,0,0,0,1.25,0
"714943:Mucilaginibacter paludis DSM 18603",0,51.5,0,0,0,91.25,0,44.25,0,0,0,0,0
"4436:Batis maritima",0,0,0,0,0,0,183.75,0,0,0,0,0,0
"309801:Thermomicrobium roseum DSM 5159",0,0,0,0,42,0,0,0,70.625,141.25,0,0,0
"936435:Serpula lacrymans var. lacrymans S7.3",0,0,10,0,0,0,0,0,21.75,43.5,77.5,16.75,34
"953:Wolbachia",0,0,0,0,0,0,140.25,0,11.5,0,17,0,0
"525919:Anaerococcus prevotii DSM 20548",0,33.5,0,0,0,72,0,73.75,0,0,0,0,0
"913774:Oidiodendron maius Zn",0,0,74.75,0,0,0,104.25,0,0,0,0,0,0
"767817:Desulfotomaculum gibsoniae DSM 7213",0,37.75,0,57.5,0,26,0,57.75,0,0,0,0,0
"2172:Methanobrevibacter",29.25,52,0,0,96.75,0,0,0,0,0,0,0,0
"755731:Clostridium sp. BNL1100",0,49.75,0,0,0,58,0,69.25,0,0,0,0,0
"264462:Bdellovibrio bacteriovorus HD100",0,0,0,0,0,37.25,0,135,0,0,0,0,0
"335659:Bradyrhizobium sp. S23321",0,0,35.75,52.5,83.75,0,0,0,0,0,0,0,0
"314146:Euarchontoglires",0,0,0,0,0,0,0,0,0,0,0,95.75,75.5
"80811:Cystobacterineae",0,170.5,0,0,0,0,0,0,0,0,0,0,0
"416916:Aggregatibacter",0,0,18.25,31.75,0,0,0,0,0,0,0,48.25,71.75
"469591:Parabacteroides sp. 20_3",59,0,0,0,0,110.5,0,0,0,0,0,0,0
"520488:Brucella suis bv. 4 str. 40",0,0,12.5,0,0,0,94,0,31.375,0,0,0,0
"68295:Thermoanaerobacterales",0,18.75,0,0,6.5,0,133.5,10.25,0,0,0,0,0
"1308863:Bacillus phage vB_BanS-Tsamsa",0,168.5,0,0,0,0,0,0,0,0,0,0,0
"194:Campylobacter",0,0,0,0,0,123.5,0,44.25,0,0,0,0,0
"679926:Methanolacinia petrolearia DSM 11571",0,0,0,167.5,0,0,0,0,0,0,0,0,0
"744872:Treponema caldaria DSM 7334",31.25,0,0,0,0,83.25,0,52.25,0,0,0,0,0
"170720:Arachis diogoi",0,0,43.5,56.75,25,0,0,0,20.5,0,0,0,0
"6179:Digenea",0,166.25,0,0,0,0,0,0,0,0,0,0,0
"878220:Chryseobacterium sp. StRB126",0,0,0,0,164.5,0,0,0,0,0,0,0,0
"1367477:Bacillus infantis NRRL B-14911",11,153.5,0,0,0,0,0,0,0,0,0,0,0
"1539298:Treponema sp. OMZ 838",0,9.5,0,0,0,82.5,0,71.25,0,0,0,0,0
"575609:Peptoniphilus sp. oral taxon 386 str. F0131",0,38.25,0,0,0,37.25,0,65.25,0,0,22.25,0,0
"245012:butyrate-producing bacterium SM4/1",0,9.75,0,0,0,72.75,0,79.25,0,0,0,0,0
"49928:unclassified Bacteria (miscellaneous)",159,0,0,0,0,0,0,0,0,0,0,0,0
"446466:Cellulomonas flavigena DSM 20109",0,0,0,0,0,0,157.5,0,0,0,0,0,0
"762903:Pedobacter saltans DSM 12145",0,97,0,0,0,60.5,0,0,0,0,0,0,0
"1457711:uncultured marine group II/III euryarchaeote AD1000_09_E08",0,0,0,0,0,0,0,0,78.625,43.5,0,0,0
"929556:Solitalea canadensis DSM 3403",64,43.25,0,0,0,50,0,0,0,0,0,0,0
"656440:Escherichia coli TA206",0,0,0,0,0,0,0,0,0,0,0,0,155.25
"311402:Agrobacterium vitis S4",0,0,0,0,0,0,154.75,0,0,0,0,0,0
"8839:Anas platyrhynchos",0,0,0,0,0,0,0,0,0,0,0,70,83.75
"743722:Sphingobacterium sp. 21",70,26.25,0,0,0,57,0,0,0,0,0,0,0
"710813:uncultured bacterium HF0130_06E03",0,0,0,0,0,0,0,0,44.75,57.25,0,0,63.5
"12968:Blastocystis hominis",0,0,0,0,0,151.75,0,0,0,0,0,0,0
"1161918:Brachyspira pilosicoli WesB",0,0,0,0,0,0,0,0,0,0,151.25,0,0
"871738:Dehalobacter restrictus DSM 9455",0,29.25,0,0,0,41.25,0,80,0,0,0,0,0
"485916:Desulfotomaculum acetoxidans DSM 771",0,15.75,15.75,0,83.5,0,0,34.75,0,0,0,0,0
"1520:Clostridium beijerinckii",0,54.5,0,0,0,12.25,0,48,0,0,34.75,0,0
"635013:Thermincola potens JR",0,41.5,0,0,0,55.75,0,52.25,0,0,0,0,0
"445932:Elusimicrobium minutum Pei191",42.5,8.25,98.5,0,0,0,0,0,0,0,0,0,0
"768706:Desulfosporosinus orientis DSM 765",0,46.25,0,0,0,25.25,0,77.5,0,0,0,0,0
"32346:melanogaster group",0,0,0,0,0,149,0,0,0,0,0,0,0
"450749:Veillonella sp. 6_1_27",18,0,0,0,0,81.75,0,0,0,0,48,0,0
"485918:Chitinophaga pinensis DSM 2588",0,32,0,0,0,72.5,0,10.75,15.875,31.75,0,0,0
"443906:Clavibacter michiganensis subsp. michiganensis NCPPB 382",0,0,0,0,0,0,144.75,0,0,0,0,0,0
"1204710:uncultured bacterium pUR16A2",0,0,0,0,0,77.5,0,66,0,0,0,0,0
"526218:Sebaldella termitidis ATCC 33386",0,20,0,0,0,12.25,0,47.5,31.75,63.5,0,0,0
"84999:Coriobacteriales",0,0,0,0,0,42,0,100.75,0,0,0,0,0
"559295:Lachancea thermotolerans CBS 6340",0,0,0,0,0,0,140.75,0,0,0,0,0,0
"357:Agrobacterium",0,0,0,0,0,0,140.75,0,0,0,0,0,0
"926556:Echinicola vietnamensis DSM 17526",44,11,0,0,0,85.25,0,0,0,0,0,0,0
"398767:Geobacter lovleyi SZ",0,0,111,0,0,25.75,0,0,0,0,0,0,0
"645991:Syntrophobotulus glycolicus DSM 8271",0,58.75,0,0,0,27.5,0,50.5,0,0,0,0,0
"1316444:Blattabacterium sp. (Nauphoeta cinerea)",0,0,135.75,0,0,0,0,0,0,0,0,0,0
"93059:Prochlorococcus marinus str. MIT 9211",0,0,0,0,0,0,135.25,0,0,0,0,0,0
"1393515:uncultured bacterium Contig1777_n_1791_cl",0,100.5,0,0,0,0,0,34,0,0,0,0,0
"565663:Enterococcus faecium Com15",0,0,0,0,0,0,0,0,0,0,0,134.5,0
"1305849:Enterococcus faecium Aus0085",0,0,0,0,0,0,0,0,0,0,0,134,0
"59201:Salmonella enterica subsp. enterica",0,0,0,0,0,0,0,0,4.375,0,0,0,124.5
"675120:Dothistroma septosporum NZE10",0,0,0,0,0,0,0,0,0,0,0,1,131
"147538:Pezizomycotina",0,0,0,0,0,0,131.25,0,0,0,0,0,0
"398511:Bacillus pseudofirmus OF4",0,0,0,0,0,0,0,0,65.125,130.25,0,0,0
"555079:Thermosediminibacter oceani DSM 16646",17,28.75,0,0,0,11.5,0,71.25,0,0,0,0,0
"1565991:Bacillus sp. X1(2014)",25.25,26.75,0,0,76.5,0,0,0,0,0,0,0,0
"520487:Brucella suis bv. 3 str. 686",0,0,0,0,0,0,128.25,0,0,0,0,0,0
"1416753:Ensifer adhaerens OV14",0,0,0,0,0,0,128.25,0,0,0,0,0,0
"4072:Capsicum annuum",0,0,0,0,0,0,128,0,0,0,0,0,0
"865938:Weeksella virosa DSM 16922",0,29.25,0,0,0,25,0,0,35.625,71.25,0,0,0
"548479:Mobiluncus curtisii ATCC 43063",0,0,0,0,100.5,0,0,25,0,0,0,0,0
"1003195:Streptomyces cattleya NRRL 8057 = DSM 46488",0,125.25,0,0,0,0,0,0,0,0,0,0,0
"316274:Herpetosiphon aurantiacus DSM 785",7,0,0,0,0,0,0,0,59,118,0,0,0
"79206:Desulfosporosinus",0,95,0,27.5,0,0,0,0,0,0,0,0,0
"6210:Echinococcus granulosus",0,0,0,0,0,0,0,0,0,0,0,54.5,66.75
"5854:Plasmodium reichenowi",0,0,0,0,0,0,0,0,0,0,0,110,11
"864069:Microvirga lotononidis",0,0,0,0,0,0,121,0,0,0,0,0,0
"1117:Cyanobacteria",0,80.5,0,0,0,13.5,0,24.75,0,0,0,0,0
"489825:Moorea producens 3L",0,0,0,0,70,0,0,48.25,0,0,0,0,0
"36300:Pelecanus crispus",0,0,0,0,0,0,0,0,0,0,0,7,111.25
"768507:Cytophagales",0,0,0,0,93,25,0,0,0,0,0,0,0
"224719:Methanobrevibacter sp. AbM4",0,61,0,0,56.5,0,0,0,0,0,0,0,0
"761193:Runella slithyformis DSM 19594",0,43.5,0,0,0,40.25,0,33.75,0,0,0,0,0
"1347342:Formosa agariphila KMM 3901",48,65.75,0,0,0,0,0,0,0,0,0,0,0
"1300:Streptococcaceae",0,0,0,0,113.75,0,0,0,0,0,0,0,0
"1318466:Acholeplasma palmae J233",21,28.75,0,0,0,24.25,0,39.25,0,0,0,0,0
"57397:Apaloderma vittatum",0,0,78,0,0,0,0,0,0,0,0,35.25,0
"585544:Bacteroides sp. D22",0,0,0,0,0,112.75,0,0,0,0,0,0,0
"1507806:Campylobacter fetus subsp. testudinum",0,0,0,0,0,0,0,0,55.75,111.5,0,0,0
"871963:Desulfitobacterium dichloroeliminans LMG P-21439",0,32.75,0,0,0,27,0,51.75,0,0,0,0,0
"227882:Streptomyces avermitilis MA-4680 = NBRC 14893",0,0,0,0,0,0,0,0,0,0,111.5,0,0
"213119:Desulfobacteraceae",0,0,111.25,0,0,0,0,0,0,0,0,0,0
"1193806:Dehalococcoides mccartyi BTF08",0,0,0,0,0,0,0,0,55.625,111.25,0,0,0
"36853:Desulfitobacterium",0,0,0,0,0,38.5,0,61.75,0,0,9.75,0,0
"29547:Epsilonproteobacteria",0,0,0,0,0,0,0,0,54.875,109.75,0,0,0
"321327:Synechococcus sp. JA-3-3Ab",0,0,0,0,0,0,0,0,0,0,108,1.25,0
"1513:Clostridium tetani",0,17.5,0,0,0,0,51,40.75,0,0,0,0,0
"1567484:Lactobacillus phage LfeInf",0,0,0,0,0,0,0,0,0,0,0,108.75,0
"706587:Desulfomonile tiedjei DSM 6799",0,0,0,0,0,108.75,0,0,0,0,0,0,0
"1045855:Pseudoxanthomonas spadix BD-a59",0,0,0,0,0,0,108.5,0,0,0,0,0,0
"166314:Synechococcus sp. WH 8109",0,0,32,36.5,0,0,0,0,0,0,10.25,0,29.25
"51316:Eimeria praecox",0,9,0,0,0,26,0,73,0,0,0,0,0
"162156:uncultured Bacteroides sp.",0,0,0,0,0,76.5,0,31.5,0,0,0,0,0
"28895:Thermoanaerobacterium",6,57.5,0,0,0,0,0,44.25,0,0,0,0,0
"657309:Bacteroides xylanisolvens XB1A",0,0,0,0,0,107.25,0,0,0,0,0,0,0
"2769:Chondrus crispus",0,0,0,0,0,0,0,0,0,0,0,23.25,83.5
"2132:Spiroplasma",0,0,0,0,94.75,11.75,0,0,0,0,0,0,0
"3075:Auxenochlorella protothecoides",0,75.25,0,30.5,0,0,0,0,0,0,0,0,0
"33986:Exiguobacterium",0,0,0,0,0,0,50.25,0,27.5,55,0,0,0
"710993:uncultured Sphingomonadales bacterium HF0500_24B12",0,0,0,62.5,0,0,0,0,21.375,0,0,0,0
"1508657:Ruminiclostridium",23.25,27.5,0,0,0,0,0,54.25,0,0,0,0,0
"1526927:Planococcus sp. PAMC 21323",56.25,48,0,0,0,0,0,0,0,0,0,0,0
"199310:Escherichia coli CFT073",0,0,0,0,0,0,0,0,0,0,0,0,104
"3641:Theobroma cacao",0,0,0,0,0,39.75,0,54.25,0,0,0,10,0
"469610:Burkholderiales bacterium 1_1_47",0,0,0,0,0,60.75,0,42.75,0,0,0,0,0
"862965:Haemophilus parainfluenzae T3T1",0,0,0,0,0,49.25,0,0,0,0,6.25,0,47.25
"1393647:uncultured bacterium Contigcl_1493",0,0,0,0,0,65,0,37.5,0,0,0,0,0
"1501:Clostridium pasteurianum",0,0,0,0,6.75,13.25,45.75,34.5,0,0,0,0,0
"481743:Paenibacillus sp. Y412MC10",99.5,0,0,0,0,0,0,0,0,0,0,0,0
"504472:Spirosoma linguale DSM 74",0,46.25,0,0,0,51.25,0,0,0,0,0,0,0
"1343846:uncultured bacterium FPPP_33K14",0,0,0,0,0,0,0,0,0,0,0,97.5,0
"84111:Eggerthella",0,0,0,0,0,85.25,0,11.75,0,0,0,0,0
"1345695:Clostridium saccharobutylicum DSM 13864",0,51.75,0,0,0,12.25,0,32.5,0,0,0,0,0
"1279:Staphylococcus",0,84,0,0,0,0,0,12,0,0,0,0,0
"29000:Pucciniomycotina",0,0,0,0,0,0,0,0,0,0,0,18,77.75
"880724:Methanotorris igneus Kol 5",0,95.5,0,0,0,0,0,0,0,0,0,0,0
"2159:Methanobacteriaceae",0,9.5,0,0,86,0,0,0,0,0,0,0,0
"943:Ehrlichia",0,0,0,0,0,0,0,0,0,0,95,0,0
"147389:Triticeae",0,0,0,0,0,0,94.75,0,0,0,0,0,0
"1499967:bacterium UASB270",0,20.25,0,0,0,25.5,0,49,0,0,0,0,0
"565661:Enterococcus faecium 1,231,408",0,0,0,0,0,0,0,0,0,0,0,94.75,0
"357804:Psychromonas ingrahamii 37",0,0,0,0,0,0,0,0,0,0,94,0,0
"176280:Staphylococcus epidermidis ATCC 12228",0,0,0,0,0,0,91.25,0,0,0,0,2,0
"321846:Pseudomonas simiae",0,0,0,0,0,0,92.5,0,0,0,0,0,0
"1343739:Palaeococcus pacificus DY20341",0,0,0,0,0,0,0,0,46,92,0,0,0
"717646:Baudoinia compniacensis UAMH 10762",0,0,92,0,0,0,0,0,0,0,0,0,0
"646529:Desulfosporosinus acidiphilus SJ4",0,8,0,0,0,12.5,0,47.25,12.125,24.25,0,0,0
"1827:Rhodococcus",0,0,0,0,0,0,91.75,0,0,0,0,0,0
"1343844:uncultured bacterium FGYC_13M19",0,0,23,8.25,0,0,0,0,30.25,0,0,0,0
"1123366:Thalassospira xiamenensis M-5 = DSM 17429",0,0,0,0,91.5,0,0,0,0,0,0,0,0
"929506:Clostridium botulinum BKT015925",0,29.5,0,61.25,0,0,0,0,0,0,0,0,0
"3193:Embryophyta",0,0,0,0,0,0,90.75,0,0,0,0,0,0
"457570:Natranaerobius thermophilus JW/NM-WN-LF",0,58.5,0,0,0,11.25,0,20.75,0,0,0,0,0
"1318617:Candidatus Mycoplasma girerdii",0,0,0,0,0,0,0,0,0,0,89.5,0,0
"649349:Leadbetterella byssophila DSM 17132",0,30,15.75,0,0,13.75,0,30,0,0,0,0,0
"345573:Podiceps cristatus",0,0,0,0,85.5,0,0,0,0,0,0,3.75,0
"1351:Enterococcus faecalis",0,0,0,0,0,11.75,0,45.25,0,0,14.5,17.5,0
"175836:Buceros rhinoceros silvestris",0,0,0,0,0,0,0,0,0,0,0,37.5,51.5
"700598:Niastella koreensis GR20-10",6.75,10,0,0,0,59,0,12.5,0,0,0,0,0
"985895:Leptosphaeria maculans JN3",15.75,0,0,0,0,0,69,0,0,0,0,1.75,0
"914234:Ceriporiopsis subvermispora B",0,0,0,0,0,0,86.25,0,0,0,0,0,0
"147545:Eurotiomycetes",0,0,0,0,0,0,86,0,0,0,0,0,0
"243164:Dehalococcoides mccartyi 195",0,0,0,0,0,24,0,61,0,0,0,0,0
"760154:Sulfurospirillum barnesii SES-3",0,0,0,0,84.75,0,0,0,0,0,0,0,0
"671144:Wallemia sebi CBS 633.66",0,0,0,0,0,0,84,0,0,0,0,0,0
"933388:Penicillium oxalicum 114-2",0,0,0,0,0,0,83.75,0,0,0,0,0,0
"262:Francisella",0,0,83.5,0,0,0,0,0,0,0,0,0,0
"51315:Eimeria necatrix",17.75,0,0,0,0,0,0,65.75,0,0,0,0,0
"1253:Pediococcus",0,83.5,0,0,0,0,0,0,0,0,0,0,0
"56458:Xanthomonas sacchari",0,0,0,0,0,0,82.5,0,0,0,0,0,0
"1343840:uncultured bacterium 4050020-J15",0,0,0,0,0,0,0,0,25.375,6.25,0,0,31.5
"84566:Sphingobacteriaceae",0,56.5,0,0,0,25.5,0,0,0,0,0,0,0
"247634:marine gamma proteobacterium HTCC2148",0,0,0,0,0,0,0,0,0,0,44,0,37.5
"1453496:Hafnia alvei FB1",0,0,0,0,0,0,0,81.25,0,0,0,0,0
"382464:Verrucomicrobiae bacterium DG1235",0,0,0,0,70.25,0,10.75,0,0,0,0,0,0
"350058:Mycobacterium vanbaalenii PYR-1",0,0,0,0,0,0,80.75,0,0,0,0,0,0
"926562:Owenweeksia hongkongensis DSM 17368",21,19.25,14.5,0,0,26,0,0,0,0,0,0,0
"666685:Rhodanobacter denitrificans",0,0,0,0,0,0,79.75,0,0,0,0,0,0
"39026:Aneura pinguis",0,0,0,0,0,0,0,0,39.125,63,0,0,0
"7209:Loa loa",0,0,0,0,0,0,0,0,0,0,0,46,32.25
"358681:Brevibacillus brevis NBRC 100599",0,8.5,0,0,0,0,0,0,0,0,69.5,0,0
"1110502:Tistrella mobilis KA081020-065",0,0,0,0,0,0,78,0,0,0,0,0,0
"292459:Symbiobacterium thermophilum IAM 14863",10.5,19.25,0,0,0,12.5,0,35.25,0,0,0,0,0
"361100:Bacillus cereus Q1",0,77.25,0,0,0,0,0,0,0,0,0,0,0
"5851:Plasmodium knowlesi strain H",0,0,0,0,0,0,77.25,0,0,0,0,0,0
"1262449:Clostridium pasteurianum DSM 525 = ATCC 6013",0,42.75,0,0,0,14.25,0,20,0,0,0,0,0
"575588:Acinetobacter lwoffii SH145",53,0,0,0,0,0,0,0,11.75,0,0,0,0
"56780:Syntrophus aciditrophicus SB",0,0,0,0,0,0,76.25,0,0,0,0,0,0
"34098:Blattabacterium",0,0,24.75,0,0,0,0,0,25.625,0,0,0,0
"333849:Enterococcus faecium DO",0,0,0,0,0,0,0,0,0,0,0,75.75,0
"1730:Eubacterium",40.5,0,0,0,0,0,0,21.75,0,0,13,0,0
"1328:Streptococcus anginosus",0,0,0,0,0,0,0,0,0,0,9,0,66
"31977:Veillonellaceae",0,44.5,0,0,0,0,0,0,0,0,3,0,27
"1515:Ruminiclostridium thermocellum",0,0,0,0,0,74.5,0,0,0,0,0,0,0
"862962:Bacteroides fragilis 638R",0,0,0,0,0,73.5,0,0,0,0,0,0,0
"543736:Rhodococcus opacus PD630",0,0,0,0,0,0,0,0,0,0,0,0,73.5
"216816:Bifidobacterium longum",0,0,0,0,0,0,0,73.5,0,0,0,0,0
"53354:Streptococcus gallolyticus subsp. gallolyticus",0,0,0,0,0,0,73,0,0,0,0,0,0
"314607:beta proteobacterium KB13",0,0,0,0,0,0,68.75,0,2,0,0,0,0
"443143:Geobacter sp. M18",0,0,0,0,0,0,0,72.25,0,0,0,0,0
"904:Acidaminococcus",0,0,0,0,0,60.5,0,11.25,0,0,0,0,0
"649639:Bacillus cellulosilyticus DSM 2522",0,36.5,0,0,0,0,0,0,0,0,35.25,0,0
"328815:Manacus vitellinus",0,0,0,0,0,0,70.25,0,0,0,0,1,0
"272559:Bacteroides fragilis NCTC 9343",0,0,0,0,0,70.75,0,0,0,0,0,0,0
"5037:Histoplasma capsulatum",0,0,0,0,0,0,0,0,35.375,70.75,0,0,0
"5579:Aureobasidium",0,0,0,0,0,0,69.5,0,0,0,0,0,0
"866536:Belliella baltica DSM 15883",0,0,0,0,69,0,0,0,0,0,0,0,0
"348824:Rhizobium sp. LPU83",0,0,0,0,0,0,68,0,0,0,0,0,0
"7070:Tribolium castaneum",0,0,0,0,0,0,0,0,33.5,67,0,1,0
"9598:Pan troglodytes",0,0,0,0,0,0,0,0,0,0,0,26.25,41.25
"243090:Rhodopirellula baltica SH 1",0,67.5,0,0,0,0,0,0,0,0,0,0,0
"295405:Bacteroides fragilis YCH46",0,0,0,0,0,67.25,0,0,0,0,0,0,0
"522373:Stenotrophomonas maltophilia K279a",0,0,0,0,0,0,66,0,0,0,0,1,0
"2157:Archaea",0,0,0,0,66.75,0,0,0,0,0,0,0,0
"89373:Cytophagaceae",0,31.25,0,0,0,24.5,0,10.25,0,0,0,0,0
"262723:Mycoplasma synoviae 53",0,0,65.75,0,0,0,0,0,0,0,0,0,0
"1131820:uncultured Eggerthella sp. SMG5",0,0,0,0,0,65,0,0,0,0,0,0,0
"201174:Actinobacteria",0,0,0,0,0,11.75,0,52.5,0,0,0,0,0
"469592:Bacteroides sp. 3_1_19",0,0,0,0,0,63.75,0,0,0,0,0,0,0
"848:Fusobacterium",0,0,0,51.5,0,0,0,12,0,0,0,0,0
"580340:Thermovirga lienii DSM 17291",0,0,0,0,63,0,0,0,0,0,0,0,0
"27406:Cherax quadricarinatus",0,0,0,0,0,0,0,0,31.375,62.75,0,0,0
"183963:Halobacteria",0,0,0,0,62.5,0,0,0,0,0,0,0,0
"553174:Prevotella melaninogenica ATCC 25845",0,8.5,0,0,0,0,0,42.25,0,0,11,0,0
"756272:Planctomyces brasiliensis DSM 5305",0,61.25,0,0,0,0,0,0,0,0,0,0,0
"38946:Paracoccidioides",0,0,0,0,0,0,0,0,0,0,61,0,0
"237609:Pseudomonas alkylphenolia",0,0,0,0,0,0,60.75,0,0,0,0,0,0
"203491:Fusobacteriales",0,0,0,60.75,0,0,0,0,0,0,0,0,0
"1076588:Thiolapillus brandeum",0,0,0,0,60,0,0,0,0,0,0,0,0
"849:Fusobacterium gonidiaformans",0,0,36.75,23,0,0,0,0,0,0,0,0,0
"768486:Enterococcus hirae ATCC 9790",0,0,0,0,0,0,0,0,0,0,0,59.25,0
"171550:Rikenellaceae",0,26.5,0,0,32.75,0,0,0,0,0,0,0,0
"1032480:Microlunatus phosphovorus NM-1",0,0,0,0,0,0,58.75,0,0,0,0,0,0
"314145:Laurasiatheria",0,0,0,0,0,0,0,0,0,0,58.5,0,0
"243272:Mycoplasma arthritidis 158L3-1",0,0,0,57.75,0,0,0,0,0,0,0,0,0
"28025:Bifidobacterium animalis",0,0,0,0,0,0,0,57.75,0,0,0,0,0
"339860:Methanosphaera stadtmanae DSM 3091",0,0,57.5,0,0,0,0,0,0,0,0,0,0
"760568:Desulfotomaculum kuznetsovii DSM 6115",49,0,0,0,0,0,0,0,0,0,8.25,0,0
"655815:Zunongwangia profunda SM-A87",0,27,0,0,0,0,0,0,0,0,30.25,0,0
"322098:Aster yellows witches'-broom phytoplasma AYWB",0,0,0,0,0,0,0,0,0,0,0,0,57.25
"1396:Bacillus cereus",0,52.75,4.5,0,0,0,0,0,0,0,0,0,0
"1489305:uncultured bacterium Ad_143_A19",0,0,0,0,0,56.75,0,0,0,0,0,0,0
"36086:Trichuris",0,0,0,0,0,0,0,0,0,0,0,14,42.5
"312017:Tetrahymena thermophila SB210",0,0,0,0,0,0,0,0,0,0,0,56.25,0
"8897:Chaetura pelagica",0,0,0,0,0,0,0,0,0,0,0,56.25,0
"1200984:Streptomyces lividans 1326",0,0,0,0,0,0,56,0,0,0,0,0,0
"653733:Desulfurispirillum indicum S5",0,0,0,0,0,0,56,0,0,0,0,0,0
"436114:Sulfurihydrogenibium sp. YO3AOP1",0,55.75,0,0,0,0,0,0,0,0,0,0,0
"521097:Capnocytophaga ochracea DSM 7271",0,0,0,0,0,55.75,0,0,0,0,0,0,0
"7220:Drosophila erecta",0,0,0,0,0,55.5,0,0,0,0,0,0,0
"267748:Mycoplasma mobile 163K",0,0,0,0,55.25,0,0,0,0,0,0,0,0
"326442:Pseudoalteromonas haloplanktis TAC125",0,0,0,0,0,0,0,0,0,0,55,0,0
"269484:Ehrlichia canis str. Jake",0,0,0,0,0,0,0,0,0,0,0,0,55
"517:Bordetella",0,0,0,54,0,0,0,0,0,0,0,0,0
"129337:Geobacillus",0,38,0,0,0,0,0,0,0,0,15.75,0,0
"5039:Blastomyces dermatitidis",0,0,0,0,0,0,53.25,0,0,0,0,0,0
"871944:Spirulina sp. EEW11",0,0,0,0,0,0,0,0,26.5,53,0,0,0
"146785:Thermosynechococcus",0,0,0,0,0,0,0,0,26.5,53,0,0,0
"438753:Azorhizobium caulinodans ORS 571",0,0,0,0,52.75,0,0,0,0,0,0,0,0
"990650:Sphaerobolus stellatus SS14",20.25,0,0,0,0,0,0,0,0,0,0,31.75,0
"399:Neorhizobium galegae",0,0,0,0,0,0,51.75,0,0,0,0,0,0
"39946:Oryza sativa Indica Group",0,0,0,0,0,0,0,0,25.875,51.75,0,0,0
"28031:Lysinibacillus fusiformis",11,40.75,0,0,0,0,0,0,0,0,0,0,0
"200644:Flavobacteriales",0,51.75,0,0,0,0,0,0,0,0,0,0,0
"246197:Myxococcus xanthus DK 1622",0,0,0,0,0,0,51.25,0,0,0,0,0,0
"42256:Rubrobacter radiotolerans",51.25,0,0,0,0,0,0,0,0,0,0,0,0
"889378:Spirochaeta africana DSM 8902",0,0,0,0,0,40,0,11,0,0,0,0,0
"756499:Desulfitobacterium dehalogenans ATCC 51507",0,0,50.5,0,0,0,0,0,0,0,0,0,0
"491915:Anoxybacillus flavithermus WK1",50,0,0,0,0,0,0,0,0,0,0,0,0
"1104325:Enterococcus faecium NRRL B-2354",0,0,0,0,0,0,0,0,0,0,0,50,0
"33392:Endopterygota",0,0,0,0,0,0,0,0,20.875,41.75,0,8.25,0
"1406:Paenibacillus polymyxa",0,49.75,0,0,0,0,0,0,0,0,0,0,0
"565646:Enterococcus faecalis HIP11704",0,0,0,0,0,0,0,0,0,0,0,49.5,0
"1639:Listeria monocytogenes",0,0,0,0,0,0,0,0,24.625,49.25,0,0,0
"187272:Alkalilimnicola ehrlichii MLHE-1",0,0,0,0,48.75,0,0,0,0,0,0,0,0
"1536770:Paenibacillus sp. FSL R5-0345",0,48.75,0,0,0,0,0,0,0,0,0,0,0
"1173263:Synechococcus sp. PCC 7502",0,0,0,0,48.75,0,0,0,0,0,0,0,0
"246194:Carboxydothermus hydrogenoformans Z-2901",48.25,0,0,0,0,0,0,0,0,0,0,0,0
"119060:Burkholderiaceae",0,0,0,0,0,0,0,0,24.125,10.5,0,0,0
"1196095:Gilliamella apicola",0,0,0,0,0,0,40.25,0,0,0,7.75,0,0
"471854:Dyadobacter fermentans DSM 18053",0,7.75,0,0,0,40,0,0,0,0,0,0,0
"1172562:Helicobacter cinaedi PAGU611",0,0,0,0,0,0,0,0,0,0,47.75,0,0
"688270:Cellulophaga algicola DSM 14237",0,0,0,47.25,0,0,0,0,0,0,0,0,0
"147548:Leotiomycetes",0,0,0,0,0,0,47.25,0,0,0,0,0,0
"526224:Brachyspira murdochii DSM 12563",0,0,0,0,0,0,0,31.5,7.875,15.75,0,0,0
"983917:Rubrivivax gelatinosus IL144",0,0,0,0,11.25,35.75,0,0,0,0,0,0,0
"68448:Polypedates",0,0,0,0,0,0,0,0,0,0,0,47,0
"1423:Bacillus subtilis",0,0,0,0,47,0,0,0,0,0,0,0,0
"980422:Strawberry lethal yellows phytoplasma (CPA) str. NZSb11",0,0,46.75,0,0,0,0,0,0,0,0,0,0
"565656:Enterococcus faecium 1,230,933",0,0,0,0,0,0,0,0,0,0,0,46.5,0
"1262450:Ophiostoma piceae UAMH 11346",0,46.5,0,0,0,0,0,0,0,0,0,0,0
"95818:Candidatus Saccharibacteria",0,46.25,0,0,0,0,0,0,0,0,0,0,0
"871968:Desulfitobacterium metallireducens DSM 15288",0,0,0,0,0,0,0,46,0,0,0,0,0
"1116231:Streptococcus macedonicus ACA-DC 198",0,0,0,0,0,0,0,0,0,0,0,46,0
"43455:Cathartes aura",0,0,0,0,0,0,0,0,0,0,0,0,46
"936046:Agaricus bisporus var. bisporus H97",0,0,0,45.75,0,0,0,0,0,0,0,0,0
"1393506:uncultured bacterium Contig1762",0,0,0,45.25,0,0,0,0,0,0,0,0,0
"1147786:Pseudomonas mandelii JR-1",0,0,0,0,0,0,45,0,0,0,0,0,0
"584708:Aminomonas paucivorans DSM 12260",45,0,0,0,0,0,0,0,0,0,0,0,0
"81852:Enterococcaceae",0,0,0,0,0,0,0,0,0,0,0,45,0
"177437:Desulfobacterium autotrophicum HRM2",0,0,0,0,44.5,0,0,0,0,0,0,0,0
"338963:Pelobacter carbinolicus DSM 2380",0,0,0,44.5,0,0,0,0,0,0,0,0,0
"189426:Paenibacillus odorifer",0,0,7,0,0,0,0,0,0,0,0,1.25,35.75
"1056112:Weissella thailandensis fsh4-2",0,0,0,0,0,0,0,0,0,0,43.75,0,0
"6185:Schistosoma haematobium",0,0,43.5,0,0,0,0,0,0,0,0,0,0
"641:Vibrionaceae",43.25,0,0,0,0,0,0,0,0,0,0,0,0
"403833:Petrotoga mobilis SJ95",0,0,0,43,0,0,0,0,0,0,0,0,0
"5141:Neurospora crassa",0,0,0,0,0,0,43,0,0,0,0,0,0
"85552:Scylla paramamosain",0,0,0,34,0,0,0,0,0,0,0,9,0
"35823:Arthrospira",0,0,0,0,42.5,0,0,0,0,0,0,0,0
"1089449:Fusarium oxysporum f. sp. vasinfectum 25433",0,0,0,0,0,0,42,0,0,0,0,0,0
"553190:Gardnerella vaginalis 409-05",0,0,0,0,0,0,0,0,20.875,41.75,0,0,0
"435591:Parabacteroides distasonis ATCC 8503",0,0,0,0,0,41.75,0,0,0,0,0,0,0
"50514:Solanum demissum",0,0,0,0,0,0,0,0,20.875,41.75,0,0,0
"755732:Fluviicola taffensis DSM 16823",0,7.75,0,0,0,11.5,0,22.25,0,0,0,0,0
"485915:Desulfohalobium retbaense DSM 5692",0,0,0,0,41.25,0,0,0,0,0,0,0,0
"1091569:uncultured bacterium CSL142",0,0,0,0,0,0,0,0,20.5,41,0,0,0
"63186:Zobellia galactanivorans",41,0,0,0,0,0,0,0,0,0,0,0,0
"224027:Hydrogenothermaceae",0,0,0,0,0,0,0,0,20.5,0,0,0,0
"485917:Pedobacter heparinus DSM 2366",0,0,0,0,0,40,0,0,0,0,0,0,0
"1231626:Cardinium endosymbiont cEper1 of Encarsia pergandiella",0,0,32.5,0,7,0,0,0,0,0,0,0,0
"1156433:Streptococcus sp. I-P16",0,0,0,0,0,0,0,0,0,0,0,39.25,0
"872:Desulfovibrio",0,16.25,0,0,0,0,0,22.75,0,0,0,0,0
"269798:Cytophaga hutchinsonii ATCC 33406",0,0,0,0,0,39,0,0,0,0,0,0,0
"586416:Terribacillus aidingensis",39,0,0,0,0,0,0,0,0,0,0,0,0
"391037:Salinispora arenicola CNS-205",0,0,0,0,38.75,0,0,0,0,0,0,0,0
"351627:Caldicellulosiruptor saccharolyticus DSM 8903",0,25.5,0,0,0,0,0,0,0,0,13.25,0,0
"1155766:Enterococcus faecium Aus0004",0,0,0,0,0,0,0,32.5,0,0,0,6.25,0
"1494608:Arthrobacter sp. PAMC25486",0,0,0,0,0,0,38.5,0,0,0,0,0,0
"1307761:Salinispira pacifica",0,0,0,0,0,38.25,0,0,0,0,0,0,0
"8729:Crotalus adamanteus",0,0,0,0,0,0,0,0,0,0,0,0,38.25
"1068625:Trypanosoma congolense IL3000",0,0,0,0,0,0,0,0,0,0,37.75,0,0
"1042163:Brevibacillus laterosporus LMG 15441",35.25,0,0,0,0,0,0,0,0,0,2.25,0,0
"212717:Clostridium tetani E88",0,37.5,0,0,0,0,0,0,0,0,0,0,0
"1308:Streptococcus thermophilus",0,0,0,0,0,0,0,0,0,0,37.25,0,0
"1304:Streptococcus salivarius",0,0,37.25,0,0,0,0,0,0,0,0,0,0
"360911:Exiguobacterium sp. AT1b",0,0,37.25,0,0,0,0,0,0,0,0,0,0
"577650:Desulfobulbus propionicus DSM 2032",0,0,0,0,0,0,37.25,0,0,0,0,0,0
"1754:Thermoanaerobacter",0,9.25,0,0,0,0,0,10.75,0,0,17,0,0
"401053:Terriglobus saanensis SP1PR4",0,0,0,0,0,0,0,0,0,0,36.75,0,0
"1356852:Hymenobacter sp. APR13",36.75,0,0,0,0,0,0,0,0,0,0,0,0
"5888:Paramecium tetraurelia",0,0,0,0,0,0,0,0,0,0,0,36.75,0
"496833:Mycoplasma fermentans PG18",0,0,0,0,0,0,0,0,18,0,0,0,0
"510952:Neurospora tetrasperma FGSC 2509",0,0,0,0,0,0,35.75,0,0,0,0,0,0
"33340:Neoptera",0,0,0,0,0,0,0,0,0,0,0,15.25,20
"376686:Flavobacterium johnsoniae UW101",0,8.5,0,0,26.75,0,0,0,0,0,0,0,0
"1517:Thermoanaerobacterium thermosaccharolyticum",0,0,0,0,0,0,35,0,0,0,0,0,0
"373903:Halothermothrix orenii H 168",0,0,0,0,0,12,0,23,0,0,0,0,0
"643867:Marivirga tractuosa DSM 4126",0,0,0,0,35,0,0,0,0,0,0,0,0
"556266:Escherichia coli D9",0,0,0,0,0,0,0,0,0,0,0,0,35
"439292:[Bacillus] selenitireducens MLS10",0,0,0,34.75,0,0,0,0,0,0,0,0,0
"454166:Salmonella enterica subsp. enterica serovar Agona str. SL483",0,0,0,0,0,0,0,0,0,0,0,0,34.5
"996:Flavobacterium columnare",0,0,0,0,0,0,0,0,0,0,0,34,0
"1434011:Komagataeibacter",0,0,0,0,34,0,0,0,0,0,0,0,0
"1394711:Candidatus Saccharibacteria bacterium RAAC3_TM7_1",0,0,34,0,0,0,0,0,0,0,0,0,0
"375288:Parabacteroides",0,10,0,0,0,23.75,0,0,0,0,0,0,0
"97097:Phaethon lepturus",0,0,0,0,0,0,0,0,0,0,0,33.75,0
"89966:Hymenobacter",0,0,0,0,0,0,0,0,16.75,0,0,0,0
"443254:Marinitoga piezophila KA3",0,0,0,0,33.5,0,0,0,0,0,0,0,0
"662:Vibrio",0,0,33.5,0,0,0,0,0,0,0,0,0,0
"645133:Colletotrichum graminicola M1.001",0,0,0,0,0,0,33.25,0,0,0,0,0,0
"595500:Burkholderia glumae PG1",0,0,0,0,0,0,33.25,0,0,0,0,0,0
"1207075:Pseudomonas sp. UW4",0,0,0,0,0,0,0,0,16.625,0,0,0,0
"133815:environmental samples",0,0,0,0,0,0,0,0,0,0,0,33.25,0
"1393550:uncultured bacterium Contig29",0,8.5,0,0,0,0,0,0,12.375,24.75,0,0,0
"574087:Acetohalobium arabaticum DSM 5501",0,0,0,0,33,0,0,0,0,0,0,0,0
"945713:Ignavibacterium album JCM 16511",0,8.25,0,0,0,24.75,0,0,0,0,0,0,0
"1033837:Lactobacillus kefiranofaciens ZW3",0,0,0,33,0,0,0,0,0,0,0,0,0
"315749:Bacillus cytotoxicus NVH 391-98",0,32.5,0,0,0,0,0,0,0,0,0,0,0
"471821:uncultured Termite group 1 bacterium phylotype Rs-D17",0,0,0,0,0,0,0,0,0,0,32,0,0
"330:Pseudomonas pseudoalcaligenes",0,0,0,0,0,0,0,0,15.875,0,0,0,0
"71274:asterids",0,0,0,0,0,0,31.5,0,0,0,0,0,0
"530564:Pirellula staleyi DSM 6068",0,0,0,0,0,0,0,31.5,0,0,0,0,0
"9986:Oryctolagus cuniculus",0,0,0,0,0,0,0,0,0,0,0,0,30.75
"446465:Brachybacterium faecium DSM 4810",30.75,0,0,0,0,0,0,0,0,0,0,0,0
"727:Haemophilus influenzae",0,0,0,0,0,30.5,0,0,0,0,0,0,0
"345219:Bacillus coagulans 36D1",0,0,0,0,0,0,0,0,0,0,30.5,0,0
"1069534:Lactobacillus ruminis ATCC 27782",0,0,0,0,0,12,0,0,0,0,17.75,0,0
"441768:Acholeplasma laidlawii PG-8A",0,0,0,0,0,0,29.25,0,0,0,0,0,0
"289376:Thermodesulfovibrio yellowstonii DSM 11347",0,0,0,0,0,0,0,0,0,0,28.5,0,0
"4572:Triticum urartu",0,0,0,0,0,0,0,25,0,0,0,3.25,0
"1229662:Pestalotiopsis fici W106-1",0,0,0,0,0,0,0,0,0,0,0,28.25,0
"243365:Chromobacterium violaceum ATCC 12472",0,0,0,0,27.5,0,0,0,0,0,0,0,0
"186818:Planococcaceae",0,0,0,0,27.5,0,0,0,0,0,0,0,0
"880070:Cyclobacterium marinum DSM 745",0,27.25,0,0,0,0,0,0,0,0,0,0,0
"85620:Candidatus Phytoplasma asteris",0,0,0,0,27,0,0,0,0,0,0,0,0
"403776:Sphingobacterium sp. PM2-P1-29",0,0,0,0,27,0,0,0,0,0,0,0,0
"2419:Thermotogales",0,0,0,0,27,0,0,0,0,0,0,0,0
"219334:Lactobacillus casei subsp. casei ATCC 393",0,0,0,0,0,0,0,0,0,0,27,0,0
"246200:Ruegeria pomeroyi DSS-3",0,27,0,0,0,0,0,0,0,0,0,0,0
"364106:Escherichia coli UTI89",0,0,0,0,0,0,0,0,13.375,0,0,0,0
"75:Caulobacter",0,0,0,0,0,0,26.75,0,0,0,0,0,0
"1055687:Trypanosoma vivax Y486",0,0,0,0,0,0,0,0,0,0,0,26.25,0
"104394:Picobirnavirus",0,0,26.25,0,0,0,0,0,0,0,0,0,0
"68889:Boletales",0,0,0,0,0,0,26.25,0,0,0,0,0,0
"1415657:endosymbiont of Llaveia axin axin",0,0,0,0,0,0,0,0,13,0,0,0,0
"1291379:Treponema pedis str. T A4",0,0,0,0,0,26,0,0,0,0,0,0,0
"589873:Alteromonas australica",0,0,26,0,0,0,0,0,0,0,0,0,0
"479436:Veillonella parvula DSM 2008",0,0,0,0,0,0,0,0,0,0,26,0,0
"266940:Kineococcus radiotolerans SRS30216 = ATCC BAA-149",0,0,0,0,0,0,25.75,0,0,0,0,0,0
"1574421:Dromedary picobirnavirus",0,0,25.5,0,0,0,0,0,0,0,0,0,0
"886377:Muricauda ruestringensis DSM 13258",0,0,0,0,25.5,0,0,0,0,0,0,0,0
"52584:Brachyspira pilosicoli",0,0,0,0,0,0,0,0,0,0,25.5,0,0
"35623:Acholeplasma oculi",0,8.5,0,0,0,0,0,0,8.5,0,0,0,0
"205922:Pseudomonas fluorescens Pf0-1",0,0,0,0,0,0,0,0,12.75,0,0,0,0
"103372:Acromyrmex echinatior",0,0,0,0,0,0,0,0,0,0,0,25.25,0
"313596:Robiginitalea biformata HTCC2501",0,25.25,0,0,0,0,0,0,0,0,0,0,0
"851:Fusobacterium nucleatum",0,0,0,0,0,0,0,0,0,0,0,0,25
"716:Actinobacillus suis",0,0,0,0,0,24.5,0,0,0,0,0,0,0
"64502:Trichoderma aureoviride",0,0,0,0,0,0,24.5,0,0,0,0,0,0
"2147:Acholeplasma",0,0,0,0,0,24.25,0,0,0,0,0,0,0
"159733:uncultured Prochlorococcus sp.",0,0,0,24.25,0,0,0,0,0,0,0,0,0
"188787:Deinococci",0,0,0,24.25,0,0,0,0,0,0,0,0,0
"1132475:uncultured bacterium scaffold00056",0,0,0,0,0,0,0,24,0,0,0,0,0
"66420:Papilio xuthus",0,0,18.25,5.75,0,0,0,0,0,0,0,0,0
"1166018:Fibrella aestuarina BUZ 2",0,11.25,0,0,0,12.5,0,0,0,0,0,0,0
"451871:Eurotiomycetidae",0,0,0,0,0,0,23.25,0,0,0,0,0,0
"1456186:uncultured marine thaumarchaeote KM3_53_F08",0,0,0,0,0,0,0,0,0,0,0,14.75,8.25
"1393544:uncultured bacterium Contig248",0,23,0,0,0,0,0,0,0,0,0,0,0
"1214101:Streptomyces davawensis JCM 4913",0,0,0,0,0,0,22.75,0,0,0,0,0,0
"1454382:Bacillus cereus D17",0,22.5,0,0,0,0,0,0,0,0,0,0,0
"91561:Cetartiodactyla",0,0,0,0,0,0,0,0,0,0,0,0,22.25
"364410:Granulibacter bethesdensis",0,0,0,0,0,0,0,0,0,0,22.25,0,0
"227941:Chlamydophila caviae GPIC",0,0,0,22.25,0,0,0,0,0,0,0,0,0
"11103:Hepatitis C virus",0,0,0,0,0,0,0,22.25,0,0,0,0,0
"1358:Lactococcus lactis",0,0,0,0,0,0,21.75,0,0,0,0,0,0
"446468:Nocardiopsis dassonvillei subsp. dassonvillei DSM 43111",0,0,0,0,0,0,21.75,0,0,0,0,0,0
"272843:Pasteurella multocida subsp. multocida str. Pm70",0,21.75,0,0,0,0,0,0,0,0,0,0,0
"1489299:uncultured bacterium Ad_125_H07_contig1",0,0,0,0,0,0,0,21.5,0,0,0,0,0
"565662:Enterococcus faecium Com12",0,0,0,0,0,0,0,0,0,0,0,21.25,0
"135651:Caenorhabditis brenneri",0,0,0,0,0,0,0,0,0,0,0,21,0
"1246955:Mycoplasma cynos C142",0,0,0,0,0,0,0,0,10.375,0,0,0,0
"735332:Leptothrix ochracea L12",0,0,0,0,0,0,0,0,3,0,0,0,14.75
"1237085:Candidatus Nitrososphaera gargensis Ga9.2",0,20.25,0,0,0,0,0,0,0,0,0,0,0
"1090974:Melissococcus plutonius DAT561",0,0,0,0,0,0,0,0,0,0,0,20.25,0
"2335:Thermotoga",0,0,0,0,0,0,0,0,0,0,20.25,0,0
"1191523:Melioribacter roseus P3M-2",0,0,4.75,6,0,0,0,9.25,0,0,0,0,0
"209:Helicobacter",0,0,0,0,0,0,0,0,10,20,0,0,0
"565655:Enterococcus casseliflavus EC20",0,19.75,0,0,0,0,0,0,0,0,0,0,0
"880071:Flexibacter litoralis DSM 6794",0,19,0,0,0,0,0,0,0,0,0,0,0
"1407017:Clostridium botulinum B str. Osaka05",0,8.5,0,0,0,0,0,10.25,0,0,0,0,0
"1036726:Plasmodium falciparum NF135/5.C10",0,0,0,0,0,0,0,0,0,0,0,18.75,0
"9646:Ailuropoda melanoleuca",0,0,0,0,0,0,0,0,0,0,0,0,18.75
"169760:Paenibacillus stellifer",0,18.5,0,0,0,0,0,0,0,0,0,0,0
"1388:Alicyclobacillus acidocaldarius subsp. acidocaldarius",0,18.5,0,0,0,0,0,0,0,0,0,0,0
"1437823:Xenorhabdus nematophila AN6/1",0,18.5,0,0,0,0,0,0,0,0,0,0,0
"341663:Aspergillus terreus NIH2624",0,0,0,0,0,0,0,0,9.25,0,0,0,0
"216595:Pseudomonas fluorescens SBW25",0,0,0,0,0,0,18.5,0,0,0,0,0,0
"1508404:Jeotgalibacillus sp. D5",0,18.25,0,0,0,0,0,0,0,0,0,0,0
"10092:Mus musculus domesticus",0,0,0,0,0,0,0,0,0,0,0,0,18.25
"643648:Syntrophothermus lipocalidus DSM 12680",0,8,0,0,0,0,0,10.25,0,0,0,0,0
"191610:Corynebacterium atypicum",0,0,17.75,0,0,0,0,0,0,0,0,0,0
"278992:Streptomyces ambofaciens ATCC 23877",0,0,0,0,0,0,17.75,0,0,0,0,0,0
"693977:Deinococcus proteolyticus MRP",17.75,0,0,0,0,0,0,0,0,0,0,0,0
"565034:Brachyspira hyodysenteriae WA1",0,0,0,0,0,0,0,0,0,0,17.5,0,0
"1388766:Aspergillus ruber CBS 135680",0,0,0,0,0,0,0,0,0,0,0,17.25,0
"42254:Sorex araneus",0,0,0,0,0,0,0,0,0,0,0,17.25,0
"7719:Ciona intestinalis",0,0,0,0,0,0,0,0,0,0,0,17,0
"877455:Methanobacterium lacus",0,17,0,0,0,0,0,0,0,0,0,0,0
"1393427:uncultured bacterium Contig1450",0,0,0,0,0,0,0,0,0,0,17,0,0
"11620:Lassa virus",0,0,0,0,0,0,0,0,0,0,0,16.75,0
"474186:Enterococcus faecalis OG1RF",0,0,0,0,0,0,0,0,0,0,0,16.5,0
"10085:Cricetomys gambianus",0,0,0,0,0,0,0,16,0,0,0,0,0
"109478:Myotis brandtii",0,0,0,0,0,0,0,0,0,0,0,1.75,14.25
"1583100:Myroides sp. A21",0,0,0,0,15.5,0,0,0,0,0,0,0,0
"936154:Streptococcus parauberis KCTC 11537",0,0,15.5,0,0,0,0,0,0,0,0,0,0
"861299:Gemmatimonadetes bacterium KBS708",0,0,0,0,0,0,0,0,0,0,15.5,0,0
"573826:Candida dubliniensis CD36",0,0,0,0,0,0,0,0,0,0,0,15.25,0
"106649:Acinetobacter guillouiae",0,0,0,0,0,0,0,0,7.625,0,0,0,0
"243232:Methanocaldococcus jannaschii DSM 2661",0,0,0,15,0,0,0,0,0,0,0,0,0
"379508:Lodderomyces elongisporus NRRL YB-4239",0,0,14.75,0,0,0,0,0,0,0,0,0,0
"655827:Metarhizium acridum CQMa 102",0,0,0,0,0,0,0,0,7.375,14.75,0,0,0
"717982:Auricularia delicata TFB-10046 SS5",0,0,0,0,0,0,0,11.25,0,0,2.5,0,0
"1637:Listeria",13.75,0,0,0,0,0,0,0,0,0,0,0,0
"866775:Aerococcus urinae ACS-120-V-Col10a",0,0,4.5,0,0,0,0,9.25,0,0,0,0,0
"30455:Fulmarus glacialis",0,0,0,0,0,0,0,0,0,0,0,13.5,0
"9479:Platyrrhini",0,0,0,0,0,0,0,0,0,0,0,13.25,0
"147429:Andropogoneae",0,0,0,0,0,0,0,0,0,0,0,13.25,0
"33317:Protostomia",0,0,0,0,0,0,0,0,0,0,0,13.25,0
"632772:Rhodococcus opacus B4",0,0,0,0,0,0,13.25,0,0,0,0,0,0
"565659:Enterococcus faecium 1,141,733",0,0,0,0,0,0,0,0,0,0,0,13,0
"1220924:Cyphellophora europaea CBS 101466",0,0,0,0,0,0,13,0,0,0,0,0,0
"1354791:Halorhodospira halochloris str. A",0,0,0,0,0,0,0,0,0,0,12.75,0,0
"84642:Aeromonadaceae",0,0,0,0,0,0,0,0,0,0,12.5,0,0
"526225:Geodermatophilus obscurus DSM 43160",0,0,0,0,0,0,12.5,0,0,0,0,0,0
"1393568:uncultured bacterium Contig3b",0,0,0,0,12.5,0,0,0,0,0,0,0,0
"83558:Chlamydia pneumoniae",0,0,0,0,12.25,0,0,0,0,0,0,0,0
"9238:Pygoscelis adeliae",0,0,0,0,0,0,0,0,0,0,0,12.25,0
"6340:Annelida",0,0,0,0,0,0,0,0,0,0,0,12,0
"388919:Streptococcus sanguinis SK36",0,0,0,0,0,12,0,0,0,0,0,0,0
"273068:Caldanaerobacter subterraneus subsp. tengcongensis MB4",0,0,0,0,0,12,0,0,0,0,0,0,0
"944289:Gymnopus luxurians FD-317 M1",0,0,0,0,0,12,0,0,0,0,0,0,0
"537971:Helicobacter cinaedi CCUG 18818",0,0,11.75,0,0,0,0,0,0,0,0,0,0
"553199:Propionibacterium acnes SK137",0,0,0,0,0,0,0,0,0,0,0,11.75,0
"710834:uncultured delta proteobacterium HF0500_03A04",0,0,0,0,0,0,0,0,0,0,0,11.75,0
"1412480:Salmonella enterica subsp. enterica serovar Enteritidis str. SA20084644",0,11.5,0,0,0,0,0,0,0,0,0,0,0
"195:Campylobacter coli",0,0,0,0,0,0,11.5,0,0,0,0,0,0
"933852:Serendipita vermifera MAFF 305830",0,0,0,0,0,0,0,0,5.75,11.5,0,0,0
"537970:Helicobacter canadensis MIT 98-5491",0,0,0,0,0,0,0,0,5.625,0,0,0,0
"69328:Pseudomonas sp. VLB120",0,0,0,0,0,0,0,0,5.625,0,0,0,0
"1613:Lactobacillus fermentum",0,0,0,0,0,0,0,0,0,0,0,11.25,0
"7238:Drosophila sechellia",0,0,0,0,0,0,11.25,0,0,0,0,0,0
"198804:Buchnera aphidicola str. Sg (Schizaphis graminum)",0,0,0,0,0,0,0,11,0,0,0,0,0
"1004951:Streptococcus suis ST1",0,0,0,0,0,0,0,0,5.5,11,0,0,0
"145260:Methanothermobacter",0,0,0,0,11,0,0,0,0,0,0,0,0
"370438:Pelotomaculum thermopropionicum SI",0,0,0,0,0,0,0,11,0,0,0,0,0
"381410:Alternanthera philoxeroides",0,0,0,0,0,0,0,0,0,0,0,11,0
"94695:Methanosarcinales",0,0,11,0,0,0,0,0,0,0,0,0,0
"28453:Sphingobacterium",11,0,0,0,0,0,0,0,0,0,0,0,0
"1218173:Bacillus alcalophilus ATCC 27647",10.75,0,0,0,0,0,0,0,0,0,0,0,0
"129526:HERV-H/env60",0,0,0,0,0,0,0,0,0,0,0,10.75,0
"573:Klebsiella pneumoniae",0,0,0,0,0,0,0,0,5.375,0,0,0,0
"981350:Komagataella pastoris CBS 7435",0,0,0,0,0,0,10.5,0,0,0,0,0,0
"548:Enterobacter aerogenes",0,0,0,0,0,0,0,0,0,0,0,10.5,0
"885272:Jonquetella anthropi DSM 22815",0,0,0,0,0,0,0,10.5,0,0,0,0,0
"1213859:Colletotrichum gloeosporioides Nara gc5",0,0,0,0,0,0,0,0,5.25,0,0,0,0
"50225:Taraxacum officinale",0,0,0,0,0,0,0,0,5,10,0,0,0
"1069533:Streptococcus infantarius subsp. infantarius CJ18",0,10,0,0,0,0,0,0,0,0,0,0,0
"9903:Bos",0,0,0,0,0,0,0,0,0,0,0,10,0
"1229671:Mycobacterium avium subsp. hominissuis TH135",0,0,0,0,0,0,0,0,5,10,0,0,0
"1313:Streptococcus pneumoniae",0,10,0,0,0,0,0,0,0,0,0,0,0
"864051:Burkholderiales bacterium JOSHI_001",0,0,0,0,0,0,0,0,0,0,9.75,0,0
"196162:Nocardioides sp. JS614",0,0,0,0,0,0,9.75,0,0,0,0,0,0
"443821:Cerapachys biroi",0,0,0,0,0,0,0,0,0,0,0,9.75,0
"7260:Drosophila willistoni",0,0,0,0,0,0,0,9.75,0,0,0,0,0
"262543:Exiguobacterium sibiricum 255-15",9.75,0,0,0,0,0,0,0,0,0,0,0,0
"9615:Canis lupus familiaris",0,0,0,0,0,0,0,0,0,0,0,9.75,0
"742013:Delftia sp. Cs1-4",0,0,0,0,0,0,9.5,0,0,0,0,0,0
"796606:Bacillus methanolicus MGA3",0,0,9.5,0,0,0,0,0,0,0,0,0,0
"243275:Treponema denticola ATCC 35405",0,0,0,0,0,0,0,9.5,0,0,0,0,0
"946362:Salpingoeca rosetta",0,0,0,0,0,0,0,9.5,0,0,0,0,0
"446471:Xylanimonas cellulosilytica DSM 15894",0,0,0,0,0,0,9.5,0,0,0,0,0,0
"7868:Callorhinchus milii",0,0,0,0,0,0,0,0,0,0,0,9.5,0
"622312:Roseburia inulinivorans DSM 16841",0,9.5,0,0,0,0,0,0,0,0,0,0,0
"697284:Paenibacillus larvae subsp. larvae DSM 25430",0,9.25,0,0,0,0,0,0,0,0,0,0,0
"5833:Plasmodium falciparum",0,0,0,0,0,0,0,0,0,0,0,2.75,6.5
"61624:Paenibacillus mucilaginosus",0,0,0,0,0,0,9.25,0,0,0,0,0,0
"578456:Tremella mesenterica DSM 1558",0,0,0,0,0,0,0,0,0,0,0,9.25,0
"350701:Burkholderia dolosa AUO158",0,0,0,0,0,0,9.25,0,0,0,0,0,0
"748449:Halobacteroides halobius DSM 5150",0,9.25,0,0,0,0,0,0,0,0,0,0,0
"1173026:Gloeocapsa sp. PCC 7428",0,0,0,0,0,0,0,0,0,0,9,0,0
"710808:uncultured alpha proteobacterium HF0130_06E21",0,0,0,0,0,0,9,0,0,0,0,0,0
"1051891:Tulasnella calospora MUT 4182",0,0,8.75,0,0,0,0,0,0,0,0,0,0
"2160:Methanobacterium",0,8.75,0,0,0,0,0,0,0,0,0,0,0
"435998:Serratia marcescens WW4",0,0,0,0,0,0,0,0,0,0,0,8.75,0
"266117:Rubrobacter xylanophilus DSM 9941",0,8.75,0,0,0,0,0,0,0,0,0,0,0
"93061:Staphylococcus aureus subsp. aureus NCTC 8325",0,8.5,0,0,0,0,0,0,0,0,0,0,0
"9555:Papio anubis",0,0,0,0,0,0,0,0,0,0,0,8.5,0
"572511:Blautia",0,8.5,0,0,0,0,0,0,0,0,0,0,0
"174633:Candidatus Kuenenia stuttgartiensis",0,8.5,0,0,0,0,0,0,0,0,0,0,0
"523794:Leptotrichia buccalis C-1013-b",0,8,0,0,0,0,0,0,0,0,0,0,0
"96561:Desulfococcus oleovorans Hxd3",0,0,0,0,0,0,0,0,4,8,0,0,0
"279965:Caprimulgus carolinensis",0,0,0,0,0,0,0,0,0,0,0,0,8
"555778:Halothiobacillus neapolitanus c2",0,8,0,0,0,0,0,0,0,0,0,0,0
"117743:Flavobacteriia",0,0,0,8,0,0,0,0,0,0,0,0,0
"668336:Aggregatibacter actinomycetemcomitans D11S-1",0,0,0,0,0,0,0,0,0,0,0,0,7.75
"857087:Methylomonas methanica MC09",0,7.75,0,0,0,0,0,0,0,0,0,0,0
"196600:Vibrio vulnificus YJ016",0,0,0,0,0,0,0,0,0,0,2.5,5,0
"309799:Dictyoglomus thermophilum H-6-12",0,0,0,0,0,0,0,0,0,0,7.5,0,0
"868595:Desulfotomaculum carboxydivorans CO-1-SRB",7.5,0,0,0,0,0,0,0,0,0,0,0,0
"880073:Caldithrix abyssi DSM 13497",7.25,0,0,0,0,0,0,0,0,0,0,0,0
"314293:Simiiformes",0,0,0,0,0,0,0,0,0,0,0,0,7.25
"1385664:Hymenobacter sp. DG25B",7.25,0,0,0,0,0,0,0,0,0,0,0,0
"947980:Lactobacillus phage LF1",0,0,0,0,0,0,0,0,0,0,0,7.25,0
"1094508:Thermoanaerobacterium saccharolyticum JW/SL-YS485",0,0,0,0,0,0,0,0,0,0,6.75,0,0
"1130964:Sphingomonas sp. 615",0,0,0,0,0,0,0,0,0,0,0,0,6.75
"9397:Chiroptera",0,0,0,0,0,0,0,0,0,0,0,6.75,0
"619300:Spathaspora passalidarum NRRL Y-27907",0,0,0,0,0,0,0,0,0,0,0,6.75,0
"41514:Salmonella enterica subsp. arizonae serovar 62:z4,z23:-",0,0,0,0,0,0,0,0,0,0,0,0,6.5
"660470:Mesotoga prima MesG1.Ag.4.2",0,0,0,0,6.5,0,0,0,0,0,0,0,0
"68298:Syntrophomonadaceae",0,0,0,6.5,0,0,0,0,0,0,0,0,0
"69266:Vaccinium corymbosum",0,0,0,0,0,0,0,0,3.25,6.5,0,0,0
"656417:Escherichia coli M605",0,0,0,0,0,0,0,0,0,0,0,0,6.25
"85066:Corvus brachyrhynchos",0,0,0,0,0,0,0,0,0,0,0,6.25,0
"83560:Chlamydia muridarum",0,0,0,0,0,0,0,0,0,0,6.25,0,0
"204434:Acidobacteriaceae",0,0,0,0,6,0,0,0,0,0,0,0,0
"9604:Hominidae",0,0,0,0,0,0,0,0,0,0,0,6,0
"56313:Tyto alba",0,0,0,0,0,0,0,0,0,0,0,6,0
"257363:Rickettsia typhi str. Wilmington",0,0,0,0,0,0,0,0,0,0,0,0,6
"1328859:Escherichia coli O157:H7 str. SS17",0,0,0,0,0,0,0,0,0,0,0,0,6
"759914:Brachyspira pilosicoli 95/1000",0,0,0,0,0,0,0,0,0,0,5.75,0,0
"52972:Polaromonas",0,0,0,0,0,0,0,0,2.875,0,0,0,0
"559882:Trichophyton equinum CBS 127.97",0,0,0,0,0,0,0,0,0,0,0,5.5,0
"32523:Tetrapoda",0,0,0,0,0,0,0,0,0,0,0,5.5,0
"1415603:Chlorella sp. ArM0029B",0,0,0,5.5,0,0,0,0,0,0,0,0,0
"388467:Planktothrix agardhii NIVA-CYA 126/8",0,0,0,5.25,0,0,0,0,0,0,0,0,0
"1354:Enterococcus hirae",0,0,0,0,0,0,0,0,0,0,0,5.25,0
"766764:Debaryomycetaceae",0,0,0,0,0,0,0,0,0,0,0,5.25,0
"1215088:Pseudomonas putida HB3267",0,0,0,0,0,0,0,0,2.625,0,0,0,0
"314315:Lactobacillus sakei subsp. sakei 23K",0,0,4.75,0,0,0,0,0,0,0,0,0,0
"86665:Bacillus halodurans",0,0,0,0,0,0,0,0,0,0,0,4.75,0
"574145:Demodex brevis",0,0,0,0,0,0,0,0,0,0,0,4.75,0
"1598:Lactobacillus reuteri",0,0,0,0,0,0,0,0,0,0,0,4.5,0
"57270:Plasmodium falciparum Palo Alto/Uganda",0,0,0,0,0,0,0,0,0,0,0,4.5,0
"412694:Bacillus thuringiensis str. Al Hakam",0,0,0,0,0,0,0,0,0,0,0,4.25,0
"930991:Paxillus rubicundulus Ve08.2h10",0,0,4.25,0,0,0,0,0,0,0,0,0,0
"36668:Formicidae",0,0,0,0,0,0,0,0,0,0,0,4.25,0
"679716:Trypanosoma brucei gambiense DAL972",0,0,0,0,0,0,0,0,0,0,0,4.25,0
"1432317:Nemertopsis sp. WYS-2013",0,0,0,0,0,0,0,0,0,0,0,4,0
"33194:Bipolaris",0,0,0,0,0,0,0,0,0,0,0,4,0
"1388763:Pseudomonas mosselii SJ10",0,0,0,0,0,0,0,0,2,0,0,0,0
"225164:Lottia gigantea",0,0,0,0,0,0,0,0,0,0,0,4,0
"1747:Propionibacterium acnes",0,0,0,0,0,0,0,0,0,0,0,4,0
"190966:uncultured pig faeces bacterium",0,0,3.75,0,0,0,0,0,0,0,0,0,0
"1043003:Aureobasidium melanogenum CBS 110374",0,0,3.75,0,0,0,0,0,0,0,0,0,0
"265522:Hyposoter fugitivus ichnovirus",0,0,0,0,0,0,0,0,0,0,0,3.75,0
"692275:Sphaerulina musiva SO2202",0,0,0,0,0,0,0,0,0,0,0,3.75,0
"395493:Beggiatoa alba B18LD",0,0,0,0,0,0,0,0,0,0,3.75,0,0
"981539:Streptococcus gallolyticus subsp. gallolyticus ATCC 43143",0,0,0,0,0,0,0,0,0,0,0,3.5,0
"219305:Micromonospora sp. ATCC 39149",0,0,3.5,0,0,0,0,0,0,0,0,0,0
"575612:Prevotella melaninogenica D18",0,0,0,0,0,0,0,0,0,0,3.25,0,0
"457406:Micromonospora sp. M42",0,0,0,0,0,0,0,0,0,0,3.25,0,0
"981540:Streptococcus pasteurianus ATCC 43144",0,0,0,0,0,0,0,0,0,0,0,3.25,0
"182217:Helicobacter cetorum MIT 00-7128",0,0,0,0,0,0,0,0,0,0,0,3,0
"81682:Methylovorus",0,0,0,0,0,0,0,0,0,0,3,0,0
"57059:Tityus discrepans",0,0,0,0,0,0,0,0,0,0,0,3,0
"5476:Candida albicans",0,0,0,0,0,0,0,0,0,0,0,2.5,0
"1453988:Campylobacter lari RM16712",0,0,0,0,0,0,0,0,0,0,2.5,0,0
"1084570:Pseudomonas sp. 19-rlim",0,0,0,0,0,0,0,0,0,0,2.5,0,0
"420245:Leishmania braziliensis MHOM/BR/75/M2904",0,0,0,0,0,0,0,0,0,0,0,2,0
"1163745:Helicobacter cetorum MIT 99-5656",0,0,0,0,0,0,0,0,0,0,0,2,0
"655183:Lactobacillus casei group",0,0,0,0,0,0,0,0,0,0,0,2,0
"1036725:Plasmodium falciparum Tanzania (2000708)",0,0,0,0,0,0,0,0,0,0,0,2,0
"2747:Carnobacterium",0,0,0,0,0,0,0,0,0,0,0,2,0
"314295:Hominoidea",0,0,0,0,0,0,0,0,0,0,0,1.75,0
"544711:Histoplasma capsulatum H88",0,0,0,0,0,0,0,0,0,0,0,1.75,0
"345341:Kutzneria sp. 744",0,0,0,0,0,0,0,0,0,0,0,1.75,0
"55661:Cuculus canorus",0,0,0,0,0,0,0,0,0,0,0,1.5,0
"665912:Bipolaris sorokiniana ND90Pr",0,0,0,0,0,0,0,0,0,0,0,1.5,0
"930091:Bipolaris victoriae FI3",0,0,0,0,0,0,0,0,0,0,0,1.25,0
"365659:Streptococcus mitis B6",0,0,0,0,0,0,0,0,0,0,0,1,0
"7234:Drosophila persimilis",0,0,0,0,0,0,0,0,0,0,0,1,0
"1206794:Ecdysozoa",0,0,0,0,0,0,0,0,0,0,0,1,0
