"","human_3","human_2","gorilla_4","cattle_60","cattle_56","cattle_62","human_1","gorilla_44","gorilla_24","gorilla_14","gorilla_34","cattle_52","cattle_48"
"10847:Enterobacteria phage phiX174",0,0,0,0,0,0,0,0,0,0,0,0,0
"710736:uncultured Chloroflexi bacterium HF0200_09I09",96.75,11.5,93,1911.5,1941,742,277.75,147.5,0,0,0,0,237.75
"710730:uncultured Acidobacteria bacterium HF0770_27F21",87.5,6.75,336.5,243.25,654,408.5,3130,443.75,0,0,0,0,68.25
"469606:Fusobacterium nucleatum subsp. vincentii 4_1_13",242.5,5,712.25,241,1521.75,171,1311.25,398.5,151.25,0,0,0,8
"645657:Bacillus subtilis subsp. natto BEST195",62.25,222.5,356.5,1943,1354,729.75,0,570.25,0,0,0,0,19.25
"1076935:Pyronema omphalodes CBS 100304",0,0,0,0,0,0,0,0,0,0,0,0,0
"1198108:Acinetobacter baumannii AC12",0,0,0,0,0,0,0,0,0,0,0,0,0
"1389454:Candidatus Actinomarina minuta",1243.5,9.25,1361.75,67,68.5,72.75,0,328.5,0,0,0,0,0
"283909:Capitella teleta",1154.25,2668.75,44.625,0,0,0,0,82.5,0,0,0,0,280.25
"1002809:Solibacillus silvestris StLB046",0,0,0,47.5,388.25,1788,0,0,0,0,0,571.5,754.25
"1385:Bacillales",14.25,73.5,15.5,644.75,588,696.75,15,0,0,108.5,134.75,432.25,709.5
"1412597:Salmonella enterica subsp. enterica serovar Enteritidis str. EC20121180",2671.25,1,316.75,0,0,0,0,174.25,0,0,0,0,0
"515620:[Eubacterium] eligens ATCC 27750",0,0,15.375,0,0,302.25,1841.5,30.75,0,500,257.5,200.25,124
"405955:Escherichia coli APEC O1",1942.25,0,160.625,0,0,946,0,64.25,0,0,0,0,0
"1050222:Paenibacillus sp. Aloe-11",494.75,0,284.125,765.5,492.5,204.75,535.75,426.75,0,0,0,0,23.75
"469587:Bacteroides sp. 2_1_16",0,0,185.125,1665.75,670.25,208.5,0,334.5,0,58.25,0,0,85
"764103:Mixia osmundae IAM 14324",2209.75,4.5,278.25,62.75,78,10.25,0,475.5,114.25,0,0,0,0
"634498:Methanobrevibacter ruminantium M1",0,0,0,186.25,0,1279.75,0,0,419.25,0,0,685.25,185
"697329:Ruminococcus albus 7 = DSM 20455",0,0,0,135.25,72.25,1018.5,35,0,0,391.75,350.5,521.75,171
"717962:Coprococcus catus GD/7",0,0,22.375,0,11.75,460.75,384.75,44.75,138.25,870.5,305.25,311.5,122
"723604:uncultured actinobacterium HF0500_35G12",0,5.25,752.125,102,540.25,0,48,1273,332.75,0,0,0,121.5
"186801:Clostridia",0,0,0,240.25,695.75,72,47.5,0,0,392.5,447.75,348.75,238
"1236689:Candidatus Methanomethylophilus alvus Mx1201",0,0,0,46.25,0,0,0,0,208,1559.5,644.5,0,0
"657324:Butyrivibrio fibrisolvens 16/4",0,0,0,117.5,0,52.75,742.75,0,131.25,410.25,602.75,210,106.25
"1400053:Bacteroidales bacterium CF",0,0,48.875,45.5,36.5,70.75,0,97.75,0,796.5,605.25,339.5,355.5
"34033:environmental samples",64.75,195.25,361.75,768.25,336.75,110.75,2.5,383,0,0,0,0,100.75
"657322:Faecalibacterium prausnitzii SL3/3",12.5,0,0,0,0,102,331,0,86.5,1023,503.25,173.75,68.25
"3818:Arachis hypogaea",225.25,0,252.875,589.75,349,240.25,120.75,262.75,70.25,0,0,0,197.75
"28221:Deltaproteobacteria",987.25,0,405.5,298.25,109.25,0,0,565,0,11,0,47.25,6.75
"469:Acinetobacter",277.75,0,530.75,0,108.75,0,727.25,576,0,12.5,47,0,23.75
"264731:Prevotella ruminicola 23",94.75,0,5,49.25,13.75,77.5,216,0,0,620.25,446.75,418.75,281
"657314:Ruminococcus obeum A2-162",48.25,0,20.625,44.25,33.5,41.75,78,41.25,145.5,977.75,435.5,173.25,139
"751585:Coprococcus sp. ART55/1",0,0,169.625,0,0,0,950.25,339.25,8.5,352.25,206.5,206.25,88
"1833:Rhodococcus erythropolis",0,0,0,0,0,0,0,0,2134.25,0,0,0,0
"48479:environmental samples",110.75,0,121.25,689,281,251.5,22.5,83.5,0,86.25,84,240,110
"1042156:Clostridium sp. SY8519",65,0,187.625,190.75,155.5,82.75,147.75,239.25,87.5,275.75,365.5,145.75,126.75
"657321:Ruminococcus bromii L2-63",0,0,14.25,27.25,29,60,90.25,28.5,0,413.25,633.5,488.25,224.5
"853:Faecalibacterium prausnitzii",14.5,0,15.625,126.25,0,20.75,277.25,31.25,0,685.25,399.5,295.5,122.25
"585543:Bacteroides sp. D20",0,0,0,188,0,117.75,31.75,0,0,918.25,105,487.75,122.5
"39491:Eubacterium rectale",0,0,0,0,12.75,0,1368.25,0,0,170,160.5,89.75,85.75
"667015:Bacteroides salanitronis DSM 18170",0,0,0,121,21.75,62.75,6.25,0,0,687.25,271,388,299
"679935:Alistipes finegoldii DSM 17242",0,0,0,0,16.5,356.25,0,0,0,297.5,140.5,672.75,334
"710741:uncultured Desulfobacterales bacterium HF0200_07G10",5.75,17.75,700.125,129.25,106.5,117,0,987,0,0,0,0,0
"537972:Helicobacter pullorum MIT 98-5489",439,0,138.125,905,0,105.75,43,276.25,0,0,0,0,0
"565638:Enterococcus faecalis T3",0,1757,0,0,0,0,0,0,0,0,0,0,0
"435590:Bacteroides vulgatus ATCC 8482",0,0,0,55.25,0,132.25,3.75,0,0,875.5,65.75,302.25,321.25
"880074:Barnesiella viscericola DSM 18177",0,0,0,233.25,84.25,43.5,0,0,0,524.25,219.25,366.25,242.75
"357809:Lachnoclostridium phytofermentans ISDg",0,0,23.625,90.75,121.25,189.25,58.25,31.5,80.25,340.25,238,304,225.75
"657313:Ruminococcus torques L2-14",91.25,0,23,56,17.25,83,248.25,46,146.75,328.5,268.25,186.25,197
"239759:Alistipes",0,0,0,0,31.5,214.75,0,0,0,194,113.25,661.75,431.25
"457421:Clostridiales bacterium 1_7_47FAA",0,0,0,0,0,82.5,322.5,0,0,435.25,314.5,242.25,148.25
"3659:Cucumis sativus",40.75,13.75,169.125,85.75,139.25,0,833.75,176.5,0,0,0,0,67.25
"688246:Prevotella multisaccharivorax DSM 17128",50.75,0,0,0,0,0,401.75,0,0,394.25,374.25,216.75,86.25
"1392:Bacillus anthracis",65.5,838,241.125,83,36,0,0,181.75,0,0,0,0,0
"29760:Vitis vinifera",0,0,302.875,147.75,131.5,0,79.75,239.75,291.25,101,128.25,0,6
"424182:Rhizobium sp. IRBG74",0,0,0,0,0,0,0,0,1495,0,0,0,0
"694427:Paludibacter propionicigenes WB4",0,0,0,82.75,62.25,49.75,0,0,0,401.5,169,435.75,231.25
"610130:[Clostridium] saccharolyticum WM1",0,0,53,143.25,0,121.5,61.5,80,0,314.5,254.25,263.75,154.75
"585394:Roseburia hominis A2-183",0,0,0,0,29.25,198.75,112,0,0,405.5,294.75,208,161.75
"633147:Olsenella uli DSM 7084",0,0,0,71.5,0,0,0,0,0,214,1034.25,48.25,27.75
"67593:Phytophthora sojae",412.75,761.25,0,0,0,222,0,0,0,0,0,0,0
"515619:Eubacterium rectale ATCC 33656",26.5,0,0,0,0,0,928.25,0,0,137,136.5,126.25,31.25
"710828:uncultured delta proteobacterium HF0130_19C20",6,1.75,29.75,782.25,347.5,98,0,59.5,0,0,0,0,47.5
"709991:Odoribacter splanchnicus DSM 20712",0,0,0,68.25,8.75,33,7,0,0,457.25,205.75,293,264.25
"633697:[Eubacterium] cellulosolvens 6",0,0,23.5,0,0,54.25,29,47,144.25,312.5,355.5,264,126.25
"541000:Ruminococcaceae",0,0,0,36.75,0,30,115,0,0,234.25,345.75,400.25,161.5
"1228997:Riemerella anatipestifer RA-CH-1",205,0,71.875,234.75,77,29.5,591.25,0,0,0,0,0,0
"663278:Ethanoligenens harbinense YUAN-3",0,0,0,0,0,56,0,0,127,262,468,244.5,94.5
"710778:uncultured Pseudomonadales bacterium HF0010_05E14",270.5,0,449,0,13.25,0,6,138,51,0,0,0,0
"715340:Pleosporineae",0,0,0,0,0,0,0,0,1249.25,0,0,0,0
"420247:Methanobrevibacter smithii ATCC 35061",0,0,37.625,0,102,268.75,25.25,70.25,116.75,72.5,89.25,372,110.5
"163735:Phaseoleae",0,0,369.25,358.75,38.25,77.5,0,695.25,0,0,0,0,0
"908937:Prevotella dentalis DSM 3688",66.75,0,0,0,26.25,26.25,129.5,0,0,361.5,196.5,197.75,183.75
"39492:[Eubacterium] siraeum",0,0,0,0,0,7,51.25,0,0,534.25,240,230.5,113.75
"575614:Prevotella sp. oral taxon 299 str. F0039",25,0,0,0,0,29,432.25,0,0,341.25,99.25,182.75,73.25
"565657:Enterococcus faecium 1,231,502",0,1164.5,0,0,0,0,0,0,0,0,0,0,0
"717959:Alistipes shahii WAL 8301",0,0,0,0,0,161,0,0,0,221.75,106.5,485,191.5
"1384484:Adlercreutzia equolifaciens DSM 19450",0,0,39,0,0,0,0,0,597.75,229.75,130.25,61.25,60.25
"710995:uncultured Verrucomicrobiales bacterium HF0010_05E02",0,5.25,102.25,466.75,366.5,61.5,0,74.25,0,0,0,0,48.25
"186803:Lachnospiraceae",0,0,3.125,14.75,67.25,53,94,6.25,0,285.5,256,190,167.75
"207598:Homininae",523.25,493.5,0,0,0,0,104,0,0,0,0,0,0
"1121335:[Clostridium] stercorarium subsp. stercorarium DSM 8532",0,0,0,0,12.25,0,94.5,0,54.25,220.75,222,205.75,280.25
"457416:Veillonella sp. 3_1_44",205.75,0,71.625,45.25,9,27,642.5,44,0,0,0,0,0
"568816:Acidaminococcus intestini RyC-MR95",0,0,0,0,0,0,0,0,649.5,168.5,125.5,96.5,34.75
"658429:Pseudogymnoascus destructans 20631-21",0,0,0,0,0,0,0,0,1055,0,0,0,0
"521095:Atopobium parvulum DSM 20469",0,0,9.25,0,20,0,0,18.5,0,146.5,813,45.75,0
"710830:uncultured delta proteobacterium HF0200_14D13",721.25,0,137.375,0,0,0,21.75,244,0,0,0,0,0
"13333:Amborella trichopoda",106.25,56.5,152.375,356,123.5,32.5,0,113.25,0,0,0,0,0
"1562970:Porphyromonadaceae bacterium ING2-E5B",0,0,0,162.75,0,0,0,0,0,318.5,132,175.25,199.5
"457424:Bacteroides fragilis 3_1_12",66.25,0,6.625,72.5,86.75,21,0,13.25,0,406.25,49.25,192.5,77.25
"710994:uncultured Spirochaetales bacterium HF0500_06B09",0,41.5,286.875,151,101.75,115.5,0,452,0,0,0,0,0
"82115:Rhizobiaceae",0,0,0,0,0,0,0,0,967.75,0,0,0,0
"203275:Tannerella forsythia 92A2",0,0,0,110.75,45.5,40,23.25,0,0,328.5,151,173.25,98.25
"575590:Bacteroidetes oral taxon 274 str. F0058",0,0,0,0,150.5,34.5,0,0,0,240.75,149,230,144.5
"1433126:Mucinivorans hirudinis",0,0,0,0,0,43.5,94.75,0,0,226.75,136.75,266.75,137.5
"358068:uncultured Bacteroidetes bacterium 'SBI2-18 P41A3'",0,0,337,56,89,7.5,14.5,388.75,0,0,0,0,55
"563008:Prevotella oris C735",71.5,0,0,0,0,0,244.75,0,0,289.5,138.25,127.25,43.5
"123214:Persephonella marina EX-H1",166,0,254.75,84.25,23.75,73.75,0,142,10.75,0,0,0,0
"245018:butyrate-producing bacterium SSC/2",0,0,0,31.25,0,31.75,130.25,0,0,235,198.75,159.25,99.25
"272629:Mannheimia haemolytica PHL213",444.75,0,188.125,0,0,0,62.5,63.75,0,0,0,0,0
"717608:[Clostridium] cf. saccharolyticum K10",0,0,0,48.5,0,67,9.5,0,0,236,210.25,223,87.5
"1415165:Bacillus amyloliquefaciens LFB112",12.5,182.75,2.125,230.5,220.5,44.25,45.25,0,97.25,0,0,0,36.25
"158189:Sphaerochaeta globosa str. Buddy",0,0,6.125,0,20.25,0,0,12.25,0,443.25,178.75,209.5,0
"3694:Populus trichocarpa",0,0,0,0,0,0,0,0,837.75,0,9.75,0,0
"290339:Cronobacter sakazakii ATCC BAA-894",634,0,102.125,0,0,0,21,147.25,0,0,0,0,0
"284591:Yarrowia lipolytica CLIB122",0,0,0,0,0,0,0,0,839.5,0,0,0,0
"903814:Eubacterium limosum KIST612",0,0,0,74.25,0,124.75,2.5,0,0,173.75,212.5,141.25,100.25
"85007:Corynebacteriales",0,0,0,0,0,0,0,0,843.25,0,0,0,0
"657319:[Eubacterium] siraeum 70/3",0,0,0,0,0,0,0,0,0,243,353,161.75,71.25
"7176:Culex quinquefasciatus",90.75,229.75,161.125,193.5,0,0,0,322.25,0,0,0,0,0
"679937:Bacteroides coprosuis DSM 18011",0,0,0,0,8.75,37.5,0,0,0,282,98.5,221,173.25
"1577791:Candidatus Methanoplasma termitum",0,0,0,0,0,62.5,0,0,0,600.5,160,0,0
"356:Rhizobiales",0,0,141.5,228.5,59.25,36.25,24.5,82.75,169.75,0,0,0,10.5
"744980:Roseibium sp. TrichSKD4",0,0,27.625,0,0,0,0,0,736.25,0,0,0,0
"227292:Sinorhizobium/Ensifer group",0,0,0,0,0,0,0,0,812,0,0,0,0
"85006:Micrococcales",0,0,0,0,0,0,0,0,793.25,0,0,0,0
"44249:Paenibacillus",0,0,0,0,47.25,106.25,0,0,57.5,170.75,122.75,193.75,99.75
"471856:Jonesia denitrificans DSM 20603",0,0,0,0,0,0,0,0,793.5,0,0,0,0
"469615:Fusobacterium gonidiaformans ATCC 25563",619.75,0,80.875,0,6,0,0,79,0,0,0,0,0
"693979:Bacteroides helcogenes P 36-108",0,0,0,0,0,0,0,0,0,421,82.25,169.25,105.75
"642492:Clostridium lentocellum DSM 5427",0,0,0,44.75,0,57.5,0,0,0,170.25,232.25,177.25,93
"166486:Roseburia intestinalis",0,0,0,0,0,142.5,212,0,0,177.25,126.5,53,57
"158190:Sphaerochaeta pleomorpha str. Grapes",0,0,0,0,0,13.25,0,0,0,498.5,178,50.25,8.5
"698761:Rhizobium tropici CIAT 899",0,0,0,0,0,0,0,0,747.25,0,0,0,0
"1643826:Eggerthellaceae",0,0,3.875,0,0,0,0,7.75,187,288.75,124.75,85.75,53.25
"1263:Ruminococcus",0,0,0,0,0,63.5,5,0,0,169.25,179.75,225.25,103.5
"246198:Prevotella intermedia 17",0,0,0,0,0,0,240.5,0,0,197.5,113.25,147,47.5
"868129:Prevotella bivia DSM 20514",22,0,0,0,0,0,173.75,0,0,249.25,124.25,102.25,67.5
"710731:uncultured Acidobacteria bacterium HF4000_26D02",40,17.25,187.875,124.75,119,60.5,0,306.25,0,0,0,0,0
"1168034:Draconibacterium orientale",0,0,0,0,0,55.5,0,0,0,309,134.75,133,96.25
"1054217:Thermoplasmatales archaeon BRNA1",0,0,5.625,0,0,0,0,11.25,0,502.75,174.25,0,17.75
"49546:Flavobacteriaceae",0,0,0,37,14.75,0,2.5,0,0,236.75,144.5,170.25,99.75
"234621:Rhodococcus erythropolis PR4",0,0,0,0,0,0,0,0,676.5,0,0,0,0
"471855:Slackia heliotrinireducens DSM 20476",0,0,0,0,0,0,0,0,62,212.5,181,145.75,63.5
"84998:Coriobacteriia",0,0,0,0,0,0,0,0,382.5,144,123,9.75,0
"760011:Sphaerochaeta coccoides DSM 17374",0,0,0,8.75,0,0,0,0,0,426,162,48.5,11.75
"1145276:Lysinibacillus varians",0,0,0,89.25,0,185.75,0,0,0,0,0,154.5,222.5
"520449:Brucella sp. 83/13",93.75,0,151.5,62,47.5,0,0,0,139,0,0,0,0
"720554:[Clostridium] clariflavum DSM 19732",0,0,0,41.5,0,70.5,0,0,0,130.75,139.75,166,86
"1216932:Clostridium sp. M2/40",0,0,0,0,10.25,201.5,0,0,0,157.5,156.25,68,40
"469585:Bacteroides sp. 1_1_14",33.5,0,0,118.5,32,62.75,0,0,0,306.5,0,46.75,32.5
"399320:Sphaerochaeta",0,0,3.5,43.5,0,0,0,7,0,423.5,155,0,0
"405948:Saccharopolyspora erythraea NRRL 2338",0,0,0,0,0,0,0,0,627.5,0,0,0,0
"226186:Bacteroides thetaiotaomicron VPI-5482",0,0,32.875,0,0,0,204.5,65.75,0,339.75,0,0,13.75
"38018:unidentified phage",0,0,32.25,0,0,0,0,64.5,0,411,113,28.75,0
"349161:Desulfotomaculum reducens MI-1",0,0,0,0,0,0,0,0,605.75,0,0,0,9.25
"717961:[Eubacterium] siraeum V10Sc8a",0,0,0,0,0,0,174.75,0,0,200.75,165.5,43.25,22.75
"879243:Porphyromonas asaccharolytica DSM 20707",0,0,42.125,25,0,0,0,84.25,0,186.25,124.25,113.25,66.5
"213849:Campylobacterales",59.25,0,19.75,292.25,32.75,97,0,22.5,77.25,0,0,0,0
"572479:Halanaerobium praevalens DSM 2228",0,0,0,0,0,0,0,0,0,0,0,596.5,0
"293826:Alkaliphilus metalliredigens QYMF",0,0,83.625,0,0,0,0,167.25,124.25,71,95,62.5,62.75
"565647:Enterococcus faecalis E1Sol",0,0,0,0,0,0,0,0,570.5,0,0,0,0
"1064535:Megasphaera elsdenii DSM 20460",0,0,0,0,0,0,92.5,0,196.75,113.25,109.25,51,5.75
"927704:Selenomonas ruminantium subsp. lactilytica TAM6421",0,0,57.125,0,0,0,0,114.25,0,149,164.25,94.5,44
"699246:Mageeibacillus indolicus UPII9-5",0,0,0,0,0,0,0,0,0,208.5,169,101.25,82.5
"31969:Mollicutes",239,0,33.125,58.5,136.5,0,37.5,33,0,0,0,8.25,0
"1437201:Pentapetalae",0,0,24.125,0,0,0,0,43.75,357.25,69.5,60,0,0
"817:Bacteroides fragilis",26.25,0,0,0,0,65.5,21,0,0,273.75,46.5,50.75,58
"717960:Faecalitalea cylindroides T2-87",0,0,0,0,0,0,0,0,0,181,183.75,79.75,95.75
"1249480:Candidatus Sulfuricurvum sp. RIFRC-1",0,0,0,0,0,0,0,0,537,0,0,0,0
"118200:Picoides pubescens",382,148,0,0,0,0,0,0,0,0,0,0,0
"469378:Cryptobacterium curtum DSM 15641",0,0,0,0,0,0,0,0,264.25,163.25,81,20,0
"186817:Bacillaceae",0,0,0,0,62,82.75,0,0,0,24.25,46.5,151.75,159.75
"4155:Erythranthe guttata",0,0,0,0,0,0,0,0,505.25,0,9.75,0,0
"931626:Acetobacterium woodii DSM 1030",0,0,3.5,0,0,73.5,19.25,7,0,100.75,110.25,127,84.25
"10842:Microvirus",0,0,0,0,0,0,0,0,0,0,0,0,0
"183967:Thermoplasmata",0,0,0,0,0,0,0,0,0,354,161.5,0,0
"205918:Pseudomonas syringae pv. syringae B728a",0,0,0,0,0,0,0,0,515.5,0,0,0,0
"479437:Eggerthella lenta DSM 2243",0,0,3.75,0,0,0,0,7.5,148.75,216.5,94.25,44,0
"837:Porphyromonas gingivalis",0,0,0,0,0,41.5,0,0,0,197.25,74,125.5,72.75
"5506:Fusarium",0,0,0,0,0,0,0,0,506.75,0,0,0,0
"941639:Bacillus coagulans 2-6",0,209.5,10.375,116,106.25,0,51.25,20.75,0,0,0,0,0
"573061:Clostridium cellulovorans 743B",0,0,0,0,0,0,0,0,0,96.25,129.75,150.75,126
"1505:[Clostridium] sordellii",0,0,0,0,0,53.5,0,0,0,77,88,205.75,73.75
"357276:Bacteroides dorei",0,0,0,0,0,0,0,0,0,367.25,87.75,18.5,23.75
"391:Rhizobium sp.",151.25,0,36.875,0,0,0,9.5,28.5,189.25,0,11,62.25,0
"526226:Gordonia bronchialis DSM 43247",0,0,0,0,0,0,0,0,495.5,0,0,0,0
"4565:Triticum aestivum",39.75,0,75,305.5,0,0,0,150,0,0,0,0,0
"767031:Prevotella denticola F0289",0,0,0,0,0,0,178.75,0,0,167.5,71.25,47,28.75
"1286171:Eubacterium acidaminophilum DSM 3953",0,0,0,39,0,0,0,0,0,151.25,132.5,119.5,50.75
"723599:uncultured verrucomicrobium HF0500_18J03",0,0,128.375,87.5,148.75,0,0,201,0,0,0,0,0
"59374:Fibrobacter succinogenes subsp. succinogenes S85",0,0,0,0,5.5,0,0,0,0,154.25,130,91,110.25
"1354302:Aeromonas hydrophila 4AK4",438.5,0,26.125,0,0,0,0,0,0,0,0,0,0
"394503:[Clostridium] cellulolyticum H10",0,0,0,0,0,0,2.75,0,404,11,22.25,48,0
"446469:Sanguibacter keddieii DSM 10542",0,0,0,0,0,0,0,0,487.5,0,0,0,0
"2093:Mycoplasma",0,0,0,0,0,324.5,0,0,0,40,10.5,110.25,0
"1353243:Streptococcus anginosus subsp. whileyi MAS624",28.5,74,0,229.25,87.25,0,0,0,0,0,0,9.75,53.25
"700015:Coriobacterium glomerans PW2",35.25,0,0,0,0,0,0,0,0,140.25,297.25,9,0
"33926:Candidatus Phytoplasma",0,0,56.625,282.5,58.25,25.25,0,76.5,0,0,0,0,0
"93759:Corchorus olitorius",205.75,0,130.25,11,0,0,0,52.25,0,0,0,0,0
"37682:Aegilops tauschii",0,0,22.375,128.5,100.5,71.75,0,13.75,0,0,100.5,0,29.75
"227290:Rhizobium/Agrobacterium group",0,0,0,0,0,0,0,0,469.75,0,0,0,0
"985665:Paenibacillus terrae HPL-003",0,0,0,0,0,0,0,0,466.75,0,0,0,0
"171551:Porphyromonadaceae",0,0,0,0,0,42.5,3.25,0,0,154.75,77,121,64.25
"1246626:Bacillus lehensis G1",0,0,0,0,0,0,0,0,0,0,0,459.5,0
"502558:Eggerthella sp. YY7918",0,0,62.875,0,0,0,12.5,0,0,199,90.5,28.25,0
"545694:Treponema primitia ZAS-2",0,0,0,0,0,262,0,0,0,77.5,70.75,43,0
"1461584:Arthrobacter sp. 11W110_air",0,0,0,0,0,0,0,0,452.5,0,0,0,0
"136843:Pseudomonas fluorescens group",0,0,0,0,0,0,0,0,450.5,0,0,0,0
"710824:uncultured delta proteobacterium HF0070_10I02",0,68,29.125,315.25,4.5,0,0,0,0,0,0,0,0
"441894:Struthio camelus australis",0,0,0,0,0,0,0,0,0,0,444,0,0
"1502:Clostridium perfringens",0,0,0,60,0,92.25,105.25,0,0,55.5,56.5,72,0
"715989:sordariomyceta",0,2.5,0,0,0,0,0,0,431.5,0,0,0,0
"710785:uncultured Rhodobacterales bacterium HF4000_03E16",0,0,55.625,226.75,29.5,24.75,0,79.25,41,0,0,0,0
"641107:Clostridium sp. DL-VIII",0,0,0,0,0,286.5,28.25,0,0,52.75,37.5,27.75,0
"591001:Acidaminococcus fermentans DSM 20731",0,0,0,0,0,0,0,0,116.5,136.75,86.5,81.25,11.25
"573413:Spirochaeta smaragdinae DSM 11293",0,0,0,0,0,0,0,0,148.75,146,76.5,43.5,0
"2303:Thermoplasma acidophilum",0,0,169.125,0,31.5,42.75,0,271,0,0,0,0,0
"1231336:Lactobacillus shenzhenensis LY-73",0,0,0,0,0,0,376,0,0,0,10,23,0
"771875:Fervidobacterium pennivorans DSM 9078",0,0,71.25,105,126.25,0,16.5,69.5,0,0,0,0,17
"457390:Bacteroides sp. 3_1_23",0,0,0,25,0,0,0,0,0,373.75,0,8.25,0
"213468:Syntrophaceae",0,0,0,0,0,406,0,0,0,0,0,0,0
"710732:uncultured Acidobacteriales bacterium HF0200_23L05",0,0,52.375,153.75,44.75,93.25,0,98.75,0,0,0,0,0
"657318:Eubacterium rectale DSM 17629",0,0,0,0,0,0,255.75,0,0,64.25,75.25,0,0
"657315:Roseburia intestinalis M50/1",0,0,32.125,0,0,0,155,64.25,0,47.5,101,27.5,0
"3398:Magnoliophyta",0,0,63.75,0,0,0,0,127.5,180,25.25,58.25,0,0
"1295009:Candidatus Methanomassiliicoccus intestinalis Issoire-Mx1",117,0,0,0,0,0,0,0,0,179,61,32.75,0
"33090:Viridiplantae",0,42.75,170.875,0,0,0,4.25,269,0,0,0,0,0
"565658:Enterococcus faecium 1,231,501",0,387.25,0,0,0,0,0,0,0,0,0,0,0
"999809:Sporisorium reilianum SRZ2",0,0,0,0,0,384.5,0,0,0,0,0,0,0
"565652:Enterococcus casseliflavus EC30",0,384,0,0,0,0,0,0,0,0,0,0,0
"3700:Brassicaceae",105,279,0,0,0,0,0,0,0,0,0,0,0
"1128398:[Clostridium] acidurici 9a",0,0,0,0,0,71.75,0,0,0,68.5,151,57.75,32.25
"712:Pasteurellaceae",6,0,0,230.5,0,0,0,0,0,117.25,20,0,0
"68336:Bacteroidetes/Chlorobi group",0,0,0,0,0,71.25,12.75,0,0,110.25,93.25,47.25,38
"1343839:uncultured bacterium 125003-E23",59.75,0,83.875,103.75,40.5,0,0,42.75,0,0,0,0,0
"439495:Pseudovibrio sp. JE062",61.5,0,88.375,5.25,47,45.5,34.5,42,0,0,0,0,0
"360115:Coxiella burnetii RSA 331",0,0,0,89.75,65,65.5,119.75,0,0,0,0,0,29.75
"350688:Alkaliphilus oremlandii OhILAs",0,0,0,0,0,0,0,0,0,89.5,102.25,131.5,41.5
"697281:Mahella australiensis 50-1 BON",0,0,0,0,0,55.75,0,0,0,94.5,110.5,67.25,31
"1663:Arthrobacter",0,0,0,0,0,0,0,0,358.5,0,0,0,0
"911045:Pseudovibrio sp. FO-BEG1",0,0,0,0,0,0,0,0,356.25,0,0,0,0
"379:Rhizobium",0,0,0,0,0,0,0,0,344.5,0,0,0,0
"269800:Thermobifida fusca YX",0,0,0,0,342.75,0,0,0,0,0,0,0,0
"1531429:Coriobacteriaceae bacterium 68-1-3",0,0,0,0,0,0,0,0,124.25,114,84.5,17.5,0
"1461583:Lysinibacillus sp. 13S34_air",0,0,0,5.25,5,70.75,0,0,0,0,0,119.25,138.75
"1076934:Streptococcus lutetiensis 033",0,0,107.75,0,45.75,0,14.25,215.5,0,0,59.25,0,0
"698758:Amphibacillus xylanus NBRC 15112",0,0,9,144.75,17.5,123.5,0,0,0,0,0,30.5,0
"1511:[Clostridium] sticklandii",0,0,0,0,33.75,0,0,0,9.5,85,98.75,60.25,41.5
"455066:uncultured planctomycete 3FN",110.5,106.25,11.25,5.75,33.75,0,46.75,0,0,0,0,0,0
"320371:Burkholderia pseudomallei 1710a",0,0,99,82.25,44.25,0,0,100.25,0,0,0,0,0
"204536:Sulfurihydrogenibium azorense Az-Fu1",0,0,10.875,101.25,115,75.25,0,21.75,0,0,0,0,9.5
"335541:Syntrophomonas wolfei subsp. wolfei str. Goettingen G311",0,0,0,0,0,108.5,0,0,0,64.25,63,78.25,6.75
"1412551:Salmonella enterica subsp. enterica serovar Enteritidis str. EC20121753",278,0,17.25,0,0,0,0,0,0,0,0,0,0
"1429044:Vibrio parahaemolyticus UCM-V493",262.25,0,24.5,0,0,0,0,0,0,0,0,0,0
"243160:Burkholderia mallei ATCC 23344",47,0,26.375,5.25,0,0,0,0,206,0,0,0,0
"572544:Ilyobacter polytropus DSM 2926",0,0,0,0,0,0,25.75,0,0,36.75,53.5,84.5,109.75
"391615:gamma proteobacterium HTCC5015",0,0,152.125,0,4.25,0,0,212.75,0,0,0,0,0
"44000:Caldicellulosiruptor",0,0,0,5.5,0,0,0,0,0,76.75,56.25,121.75,46
"340:Xanthomonas campestris pv. campestris",0,0,0,0,0,0,0,0,306,0,0,0,0
"710992:uncultured Sphingobacterium sp. EB080_L08E11",0,0,22.125,261,0,0,0,0,0,0,0,0,0
"880072:Desulfobacca acetoxidans DSM 11109",0,0,50.5,0,0,0,0,0,199.5,0,0,0,0
"81850:Leuconostocaceae",0,0,0,0,0,0,0,0,299.5,0,0,0,0
"334413:Finegoldia magna ATCC 29328",0,0,0,0,0,0,0,0,0,74.75,94.75,63.25,65.25
"506:Alcaligenaceae",0,0,0,0,0,0,0,0,21,0,0,276.5,0
"324057:Paenibacillus sp. JDR-2",0,0,0,0,0,211,0,0,0,24.25,0,51.25,10.25
"546269:Filifactor alocis ATCC 35896",0,0,0,0,0,0,0,0,0,85.5,127.75,68.5,12.25
"28132:Prevotella melaninogenica",0,0,0,0,0,22,19.5,0,0,124.25,65,50.5,7
"137:Spirochaetaceae",0,0,0,0,0,0,0,0,0,199.75,83.5,0,0
"841:Roseburia",0,0,0,0,0,20,51.25,0,51.25,79,50.25,18.5,12.5
"28173:Vibrio nigripulchritudo",0,0,0,0,0,0,0,0,279.25,0,0,0,0
"931276:Clostridium saccharoperbutylacetonicum N1-4(HMT)",0,0,4.875,0,0,79.75,0,9.75,0,43,62,46.75,37
"412133:Trichomonas vaginalis G3",0,0,0,0,0,0,26.75,0,0,177.75,19.5,32.75,15.75
"294:Pseudomonas fluorescens",0,0,0,0,0,0,0,0,271.75,0,0,0,0
"33990:Rickettsia bellii",0,0,0,0,0,0,0,0,0,0,0,0,269
"723556:uncultured myxobacterium HF0200_01L06",0,0,0,185,84,0,0,0,0,0,0,0,0
"743721:Pseudoxanthomonas suwonensis 11-1",0,0,0,0,0,0,0,0,269,0,0,0,0
"179676:Culicoides sonorensis",0,0,133.875,0,0,0,0,0,0,0,0,0,0
"1136179:Rhodococcus erythropolis CCM2595",0,0,0,0,0,0,0,0,266.75,0,0,0,0
"29521:Brachyspira",0,0,0,0,0,0,0,0,0,41.5,40,48.5,132
"718255:Roseburia intestinalis XB6B4",0,0,0,0,0,0,77.5,0,0,72.75,82.5,28.25,0
"575598:Lactobacillus crispatus SJ-3C-US",0,0,39.75,42.75,58.75,0,80,51.75,0,0,0,0,0
"511995:Candidatus Azobacteroides pseudotrichonymphae genomovar. CFP2",0,0,0,0,0,0,0,0,0,114.25,64,72.25,9.5
"1678:Bifidobacterium",0,0,0,0,0,0,22.25,0,20.25,68.75,94.25,42.25,11
"86416:Clostridium pasteurianum BC1",0,0,0,0,0,168.75,0,0,0,0,43.75,45.5,0
"387093:Sulfurovum sp. NBC37-1",0,0,0,257.75,0,0,0,0,0,0,0,0,0
"57723:Acidobacteria",0,0,29,135.75,56.25,6.75,0,58,0,0,0,0,0
"1577788:Methanomassiliicoccaceae",0,0,0,0,0,0,0,0,0,202,50.25,0,0
"32069:Aquificales",0,0,0,0,0,250.5,0,0,0,0,0,0,0
"545695:Treponema azotonutricium ZAS-9",0,0,0,0,0,0,0,0,0,87,69,53.5,39.75
"469590:Bacteroides sp. 2_2_4",0,0,0,0,0,0,0,0,0,194.25,0,35.25,6.5
"1716:Corynebacterium",0,0,0,0,0,0,0,0,223.5,12.25,0,0,0
"869729:Escherichia coli UM146",234.25,0,0,0,0,0,0,0,0,0,0,0,0
"546271:Selenomonas sputigena ATCC 35185",0,0,0,0,0,0,0,0,0,77.25,108.5,47.5,0
"484770:Pelosinus sp. UFO1",0,0,0,0,0,23,22.5,0,0,79.25,64.5,42.75,0
"650150:Erysipelothrix rhusiopathiae str. Fujisawa",0,0,0,0,0,0,0,0,231,0,0,0,0
"349741:Akkermansia muciniphila ATCC BAA-835",0,0,0,0,0,0,0,0,0,70.5,43.25,69,47.25
"1209989:Tepidanaerobacter acetatoxydans Re1",0,0,0,8.75,0,0,0,0,0,51.75,66,60,41.75
"265311:Mesoplasma florum L1",104.5,0,26.625,66,4,0,0,10.5,0,0,0,0,0
"581112:uncultured bacterium URE4",0,0,0,0,0,0,0,0,0,108.5,73.75,45.25,0
"1344042:Enterococcus faecium T110",0,227,0,0,0,0,0,0,0,0,0,0,0
"696281:Desulfotomaculum ruminis DSM 2154",0,0,0,145,0,0,0,0,0,24.75,36.5,20,0
"61635:Acholeplasma brassicae",0,0,0,0,0,0,0,0,0,76,59,51.25,39.75
"186807:Peptococcaceae",0,0,0,0,0,0,0,0,0,56,71.25,46.25,52
"760192:Haliscomenobacter hydrossis DSM 1100",0,0,0,0,0,0,0,0,0,88.5,46,41,49.5
"4751:Fungi",0,0,0,224.75,0,0,0,0,0,0,0,0,0
"267872:Microcystis aeruginosa PCC 7806",0,0,0,0,0,0,0,0,0,0,0,0,223.75
"93758:Corchorus",150,0,35.625,0,0,0,0,0,0,0,0,0,0
"338187:Vibrio campbellii ATCC BAA-1116",82.25,0,43.875,0,0,0,46,0,0,0,0,0,0
"666686:Bacillus sp. 1NLA3E",0,0,0,0,0,174.5,0,0,0,0,0,19.75,21.75
"929562:Emticicia oligotrophica DSM 17448",0,0,0,0,0,108.75,0,0,0,63,0,44,0
"338:Xanthomonas",0,0,0,0,0,0,0,0,115.25,99,0,0,0
"1541959:Mollicutes bacterium HR1",0,0,0,0,0,0,0,0,0,70.25,63.75,54.5,25.25
"72294:Campylobacteraceae",0,0,0,206.25,0,6.75,0,0,0,0,0,0,0
"225849:Shewanella piezotolerans WP3",27.5,0,55.25,0,0,0,19.5,42.75,53.5,0,0,0,0
"29159:Crassostrea gigas",78.5,132,0,0,0,0,0,0,0,0,0,0,0
"32022:Campylobacter jejuni subsp. jejuni",0,0,0,159,0,51,0,0,0,0,0,0,0
"768710:Desulfosporosinus youngiae DSM 17734",0,0,0,0,0,169.5,0,0,0,0,34.75,0,5.75
"657308:Gordonibacter pamelaeae 7-10-1-b",0,0,0,0,0,0,0,0,0,145,65,0,0
"1643824:Atopobiaceae",0,0,0,0,0,0,0,0,0,0,209.25,0,0
"716545:saccharomyceta",0,0,0,0,0,0,0,0,207.5,0,0,0,0
"5125:Hypocreales",0,0,0,0,0,0,0,0,207.25,0,0,0,0
"3906:Vicia faba",0,0,103.5,0,0,0,0,207,0,0,0,0,0
"572307:Neospora caninum Liverpool",13.25,0,0,0,0,0,0,0,171.25,0,21,0,0
"520141:Mycobacterium tuberculosis T85",0,0,102.625,0,0,0,0,0,0,0,0,0,0
"1335916:Escherichia coli LY180",125,0,38.125,0,0,0,0,0,0,0,0,0,0
"657316:Megamonas hypermegale ART12/1",0,0,0,0,0,0,17.5,0,0,84.25,68.75,28.25,0
"410358:Methanocorpusculum labreanum Z",0,0,0,0,0,0,0,0,0,0,21.25,44.25,132.5
"86661:Bacillus cereus group",0,0,0,0,0,14.5,0,0,0,0,0,118.5,65
"5178:Helotiales",0,0,0,0,0,0,0,0,197.5,0,0,0,0
"481448:Methylacidiphilum infernorum V4",0,0,97.125,0,0,0,0,194.25,0,0,0,0,0
"559301:Lactobacillus gasseri MV-22",0,5.5,27.625,0,22.5,0,110.75,55.25,0,0,0,0,0
"33033:Parvimonas micra",0,0,0,0,0,0,0,0,0,58.25,63.25,59.75,12
"68570:Streptomyces albulus",0,0,0,0,0,0,0,0,190.5,0,0,0,0
"3760:Prunus persica",0,0,0,0,0,0,180,0,0,0,10,0,0
"651822:Fretibacterium fastidiosum",0,0,0,0,0,0,11.25,0,0,70,80.5,27.75,0
"457395:Bacteroides sp. 9_1_42FAA",0,0,0,0,0,0,0,0,0,103.25,0,79.25,6.25
"28890:Euryarchaeota",0,1.25,0,16.75,5.25,97.25,0,0,0,67.5,0,0,0
"714943:Mucilaginibacter paludis DSM 18603",0,0,0,0,0,0,0,0,0,91.25,44.25,51.5,0
"4436:Batis maritima",0,0,0,0,0,0,0,0,183.75,0,0,0,0
"309801:Thermomicrobium roseum DSM 5159",0,0,70.625,0,0,42,0,141.25,0,0,0,0,0
"936435:Serpula lacrymans var. lacrymans S7.3",34,16.75,21.75,0,10,0,77.5,43.5,0,0,0,0,0
"953:Wolbachia",0,0,11.5,0,0,0,17,0,140.25,0,0,0,0
"525919:Anaerococcus prevotii DSM 20548",0,0,0,0,0,0,0,0,0,72,73.75,33.5,0
"913774:Oidiodendron maius Zn",0,0,0,0,74.75,0,0,0,104.25,0,0,0,0
"767817:Desulfotomaculum gibsoniae DSM 7213",0,0,0,57.5,0,0,0,0,0,26,57.75,37.75,0
"2172:Methanobrevibacter",0,0,0,0,0,96.75,0,0,0,0,0,52,29.25
"755731:Clostridium sp. BNL1100",0,0,0,0,0,0,0,0,0,58,69.25,49.75,0
"264462:Bdellovibrio bacteriovorus HD100",0,0,0,0,0,0,0,0,0,37.25,135,0,0
"335659:Bradyrhizobium sp. S23321",0,0,0,52.5,35.75,83.75,0,0,0,0,0,0,0
"314146:Euarchontoglires",75.5,95.75,0,0,0,0,0,0,0,0,0,0,0
"80811:Cystobacterineae",0,0,0,0,0,0,0,0,0,0,0,170.5,0
"416916:Aggregatibacter",71.75,48.25,0,31.75,18.25,0,0,0,0,0,0,0,0
"469591:Parabacteroides sp. 20_3",0,0,0,0,0,0,0,0,0,110.5,0,0,59
"520488:Brucella suis bv. 4 str. 40",0,0,31.375,0,12.5,0,0,0,94,0,0,0,0
"68295:Thermoanaerobacterales",0,0,0,0,0,6.5,0,0,133.5,0,10.25,18.75,0
"1308863:Bacillus phage vB_BanS-Tsamsa",0,0,0,0,0,0,0,0,0,0,0,168.5,0
"194:Campylobacter",0,0,0,0,0,0,0,0,0,123.5,44.25,0,0
"679926:Methanolacinia petrolearia DSM 11571",0,0,0,167.5,0,0,0,0,0,0,0,0,0
"744872:Treponema caldaria DSM 7334",0,0,0,0,0,0,0,0,0,83.25,52.25,0,31.25
"170720:Arachis diogoi",0,0,20.5,56.75,43.5,25,0,0,0,0,0,0,0
"6179:Digenea",0,0,0,0,0,0,0,0,0,0,0,166.25,0
"878220:Chryseobacterium sp. StRB126",0,0,0,0,0,164.5,0,0,0,0,0,0,0
"1367477:Bacillus infantis NRRL B-14911",0,0,0,0,0,0,0,0,0,0,0,153.5,11
"1539298:Treponema sp. OMZ 838",0,0,0,0,0,0,0,0,0,82.5,71.25,9.5,0
"575609:Peptoniphilus sp. oral taxon 386 str. F0131",0,0,0,0,0,0,22.25,0,0,37.25,65.25,38.25,0
"245012:butyrate-producing bacterium SM4/1",0,0,0,0,0,0,0,0,0,72.75,79.25,9.75,0
"49928:unclassified Bacteria (miscellaneous)",0,0,0,0,0,0,0,0,0,0,0,0,159
"446466:Cellulomonas flavigena DSM 20109",0,0,0,0,0,0,0,0,157.5,0,0,0,0
"762903:Pedobacter saltans DSM 12145",0,0,0,0,0,0,0,0,0,60.5,0,97,0
"1457711:uncultured marine group II/III euryarchaeote AD1000_09_E08",0,0,78.625,0,0,0,0,43.5,0,0,0,0,0
"929556:Solitalea canadensis DSM 3403",0,0,0,0,0,0,0,0,0,50,0,43.25,64
"656440:Escherichia coli TA206",155.25,0,0,0,0,0,0,0,0,0,0,0,0
"311402:Agrobacterium vitis S4",0,0,0,0,0,0,0,0,154.75,0,0,0,0
"8839:Anas platyrhynchos",83.75,70,0,0,0,0,0,0,0,0,0,0,0
"743722:Sphingobacterium sp. 21",0,0,0,0,0,0,0,0,0,57,0,26.25,70
"710813:uncultured bacterium HF0130_06E03",63.5,0,44.75,0,0,0,0,57.25,0,0,0,0,0
"12968:Blastocystis hominis",0,0,0,0,0,0,0,0,0,151.75,0,0,0
"1161918:Brachyspira pilosicoli WesB",0,0,0,0,0,0,151.25,0,0,0,0,0,0
"871738:Dehalobacter restrictus DSM 9455",0,0,0,0,0,0,0,0,0,41.25,80,29.25,0
"485916:Desulfotomaculum acetoxidans DSM 771",0,0,0,0,15.75,83.5,0,0,0,0,34.75,15.75,0
"1520:Clostridium beijerinckii",0,0,0,0,0,0,34.75,0,0,12.25,48,54.5,0
"635013:Thermincola potens JR",0,0,0,0,0,0,0,0,0,55.75,52.25,41.5,0
"445932:Elusimicrobium minutum Pei191",0,0,0,0,98.5,0,0,0,0,0,0,8.25,42.5
"768706:Desulfosporosinus orientis DSM 765",0,0,0,0,0,0,0,0,0,25.25,77.5,46.25,0
"32346:melanogaster group",0,0,0,0,0,0,0,0,0,149,0,0,0
"450749:Veillonella sp. 6_1_27",0,0,0,0,0,0,48,0,0,81.75,0,0,18
"485918:Chitinophaga pinensis DSM 2588",0,0,15.875,0,0,0,0,31.75,0,72.5,10.75,32,0
"443906:Clavibacter michiganensis subsp. michiganensis NCPPB 382",0,0,0,0,0,0,0,0,144.75,0,0,0,0
"1204710:uncultured bacterium pUR16A2",0,0,0,0,0,0,0,0,0,77.5,66,0,0
"526218:Sebaldella termitidis ATCC 33386",0,0,31.75,0,0,0,0,63.5,0,12.25,47.5,20,0
"84999:Coriobacteriales",0,0,0,0,0,0,0,0,0,42,100.75,0,0
"559295:Lachancea thermotolerans CBS 6340",0,0,0,0,0,0,0,0,140.75,0,0,0,0
"357:Agrobacterium",0,0,0,0,0,0,0,0,140.75,0,0,0,0
"926556:Echinicola vietnamensis DSM 17526",0,0,0,0,0,0,0,0,0,85.25,0,11,44
"398767:Geobacter lovleyi SZ",0,0,0,0,111,0,0,0,0,25.75,0,0,0
"645991:Syntrophobotulus glycolicus DSM 8271",0,0,0,0,0,0,0,0,0,27.5,50.5,58.75,0
"1316444:Blattabacterium sp. (Nauphoeta cinerea)",0,0,0,0,135.75,0,0,0,0,0,0,0,0
"93059:Prochlorococcus marinus str. MIT 9211",0,0,0,0,0,0,0,0,135.25,0,0,0,0
"1393515:uncultured bacterium Contig1777_n_1791_cl",0,0,0,0,0,0,0,0,0,0,34,100.5,0
"565663:Enterococcus faecium Com15",0,134.5,0,0,0,0,0,0,0,0,0,0,0
"1305849:Enterococcus faecium Aus0085",0,134,0,0,0,0,0,0,0,0,0,0,0
"59201:Salmonella enterica subsp. enterica",124.5,0,4.375,0,0,0,0,0,0,0,0,0,0
"675120:Dothistroma septosporum NZE10",131,1,0,0,0,0,0,0,0,0,0,0,0
"147538:Pezizomycotina",0,0,0,0,0,0,0,0,131.25,0,0,0,0
"398511:Bacillus pseudofirmus OF4",0,0,65.125,0,0,0,0,130.25,0,0,0,0,0
"555079:Thermosediminibacter oceani DSM 16646",0,0,0,0,0,0,0,0,0,11.5,71.25,28.75,17
"1565991:Bacillus sp. X1(2014)",0,0,0,0,0,76.5,0,0,0,0,0,26.75,25.25
"520487:Brucella suis bv. 3 str. 686",0,0,0,0,0,0,0,0,128.25,0,0,0,0
"1416753:Ensifer adhaerens OV14",0,0,0,0,0,0,0,0,128.25,0,0,0,0
"4072:Capsicum annuum",0,0,0,0,0,0,0,0,128,0,0,0,0
"865938:Weeksella virosa DSM 16922",0,0,35.625,0,0,0,0,71.25,0,25,0,29.25,0
"548479:Mobiluncus curtisii ATCC 43063",0,0,0,0,0,100.5,0,0,0,0,25,0,0
"1003195:Streptomyces cattleya NRRL 8057 = DSM 46488",0,0,0,0,0,0,0,0,0,0,0,125.25,0
"316274:Herpetosiphon aurantiacus DSM 785",0,0,59,0,0,0,0,118,0,0,0,0,7
"79206:Desulfosporosinus",0,0,0,27.5,0,0,0,0,0,0,0,95,0
"6210:Echinococcus granulosus",66.75,54.5,0,0,0,0,0,0,0,0,0,0,0
"5854:Plasmodium reichenowi",11,110,0,0,0,0,0,0,0,0,0,0,0
"864069:Microvirga lotononidis",0,0,0,0,0,0,0,0,121,0,0,0,0
"1117:Cyanobacteria",0,0,0,0,0,0,0,0,0,13.5,24.75,80.5,0
"489825:Moorea producens 3L",0,0,0,0,0,70,0,0,0,0,48.25,0,0
"36300:Pelecanus crispus",111.25,7,0,0,0,0,0,0,0,0,0,0,0
"768507:Cytophagales",0,0,0,0,0,93,0,0,0,25,0,0,0
"224719:Methanobrevibacter sp. AbM4",0,0,0,0,0,56.5,0,0,0,0,0,61,0
"761193:Runella slithyformis DSM 19594",0,0,0,0,0,0,0,0,0,40.25,33.75,43.5,0
"1347342:Formosa agariphila KMM 3901",0,0,0,0,0,0,0,0,0,0,0,65.75,48
"1300:Streptococcaceae",0,0,0,0,0,113.75,0,0,0,0,0,0,0
"1318466:Acholeplasma palmae J233",0,0,0,0,0,0,0,0,0,24.25,39.25,28.75,21
"57397:Apaloderma vittatum",0,35.25,0,0,78,0,0,0,0,0,0,0,0
"585544:Bacteroides sp. D22",0,0,0,0,0,0,0,0,0,112.75,0,0,0
"1507806:Campylobacter fetus subsp. testudinum",0,0,55.75,0,0,0,0,111.5,0,0,0,0,0
"871963:Desulfitobacterium dichloroeliminans LMG P-21439",0,0,0,0,0,0,0,0,0,27,51.75,32.75,0
"227882:Streptomyces avermitilis MA-4680 = NBRC 14893",0,0,0,0,0,0,111.5,0,0,0,0,0,0
"213119:Desulfobacteraceae",0,0,0,0,111.25,0,0,0,0,0,0,0,0
"1193806:Dehalococcoides mccartyi BTF08",0,0,55.625,0,0,0,0,111.25,0,0,0,0,0
"36853:Desulfitobacterium",0,0,0,0,0,0,9.75,0,0,38.5,61.75,0,0
"29547:Epsilonproteobacteria",0,0,54.875,0,0,0,0,109.75,0,0,0,0,0
"321327:Synechococcus sp. JA-3-3Ab",0,1.25,0,0,0,0,108,0,0,0,0,0,0
"1513:Clostridium tetani",0,0,0,0,0,0,0,0,51,0,40.75,17.5,0
"1567484:Lactobacillus phage LfeInf",0,108.75,0,0,0,0,0,0,0,0,0,0,0
"706587:Desulfomonile tiedjei DSM 6799",0,0,0,0,0,0,0,0,0,108.75,0,0,0
"1045855:Pseudoxanthomonas spadix BD-a59",0,0,0,0,0,0,0,0,108.5,0,0,0,0
"166314:Synechococcus sp. WH 8109",29.25,0,0,36.5,32,0,10.25,0,0,0,0,0,0
"51316:Eimeria praecox",0,0,0,0,0,0,0,0,0,26,73,9,0
"162156:uncultured Bacteroides sp.",0,0,0,0,0,0,0,0,0,76.5,31.5,0,0
"28895:Thermoanaerobacterium",0,0,0,0,0,0,0,0,0,0,44.25,57.5,6
"657309:Bacteroides xylanisolvens XB1A",0,0,0,0,0,0,0,0,0,107.25,0,0,0
"2769:Chondrus crispus",83.5,23.25,0,0,0,0,0,0,0,0,0,0,0
"2132:Spiroplasma",0,0,0,0,0,94.75,0,0,0,11.75,0,0,0
"3075:Auxenochlorella protothecoides",0,0,0,30.5,0,0,0,0,0,0,0,75.25,0
"33986:Exiguobacterium",0,0,27.5,0,0,0,0,55,50.25,0,0,0,0
"710993:uncultured Sphingomonadales bacterium HF0500_24B12",0,0,21.375,62.5,0,0,0,0,0,0,0,0,0
"1508657:Ruminiclostridium",0,0,0,0,0,0,0,0,0,0,54.25,27.5,23.25
"1526927:Planococcus sp. PAMC 21323",0,0,0,0,0,0,0,0,0,0,0,48,56.25
"199310:Escherichia coli CFT073",104,0,0,0,0,0,0,0,0,0,0,0,0
"3641:Theobroma cacao",0,10,0,0,0,0,0,0,0,39.75,54.25,0,0
"469610:Burkholderiales bacterium 1_1_47",0,0,0,0,0,0,0,0,0,60.75,42.75,0,0
"862965:Haemophilus parainfluenzae T3T1",47.25,0,0,0,0,0,6.25,0,0,49.25,0,0,0
"1393647:uncultured bacterium Contigcl_1493",0,0,0,0,0,0,0,0,0,65,37.5,0,0
"1501:Clostridium pasteurianum",0,0,0,0,0,6.75,0,0,45.75,13.25,34.5,0,0
"481743:Paenibacillus sp. Y412MC10",0,0,0,0,0,0,0,0,0,0,0,0,99.5
"504472:Spirosoma linguale DSM 74",0,0,0,0,0,0,0,0,0,51.25,0,46.25,0
"1343846:uncultured bacterium FPPP_33K14",0,97.5,0,0,0,0,0,0,0,0,0,0,0
"84111:Eggerthella",0,0,0,0,0,0,0,0,0,85.25,11.75,0,0
"1345695:Clostridium saccharobutylicum DSM 13864",0,0,0,0,0,0,0,0,0,12.25,32.5,51.75,0
"1279:Staphylococcus",0,0,0,0,0,0,0,0,0,0,12,84,0
"29000:Pucciniomycotina",77.75,18,0,0,0,0,0,0,0,0,0,0,0
"880724:Methanotorris igneus Kol 5",0,0,0,0,0,0,0,0,0,0,0,95.5,0
"2159:Methanobacteriaceae",0,0,0,0,0,86,0,0,0,0,0,9.5,0
"943:Ehrlichia",0,0,0,0,0,0,95,0,0,0,0,0,0
"147389:Triticeae",0,0,0,0,0,0,0,0,94.75,0,0,0,0
"1499967:bacterium UASB270",0,0,0,0,0,0,0,0,0,25.5,49,20.25,0
"565661:Enterococcus faecium 1,231,408",0,94.75,0,0,0,0,0,0,0,0,0,0,0
"357804:Psychromonas ingrahamii 37",0,0,0,0,0,0,94,0,0,0,0,0,0
"176280:Staphylococcus epidermidis ATCC 12228",0,2,0,0,0,0,0,0,91.25,0,0,0,0
"321846:Pseudomonas simiae",0,0,0,0,0,0,0,0,92.5,0,0,0,0
"1343739:Palaeococcus pacificus DY20341",0,0,46,0,0,0,0,92,0,0,0,0,0
"717646:Baudoinia compniacensis UAMH 10762",0,0,0,0,92,0,0,0,0,0,0,0,0
"646529:Desulfosporosinus acidiphilus SJ4",0,0,12.125,0,0,0,0,24.25,0,12.5,47.25,8,0
"1827:Rhodococcus",0,0,0,0,0,0,0,0,91.75,0,0,0,0
"1343844:uncultured bacterium FGYC_13M19",0,0,30.25,8.25,23,0,0,0,0,0,0,0,0
"1123366:Thalassospira xiamenensis M-5 = DSM 17429",0,0,0,0,0,91.5,0,0,0,0,0,0,0
"929506:Clostridium botulinum BKT015925",0,0,0,61.25,0,0,0,0,0,0,0,29.5,0
"3193:Embryophyta",0,0,0,0,0,0,0,0,90.75,0,0,0,0
"457570:Natranaerobius thermophilus JW/NM-WN-LF",0,0,0,0,0,0,0,0,0,11.25,20.75,58.5,0
"1318617:Candidatus Mycoplasma girerdii",0,0,0,0,0,0,89.5,0,0,0,0,0,0
"649349:Leadbetterella byssophila DSM 17132",0,0,0,0,15.75,0,0,0,0,13.75,30,30,0
"345573:Podiceps cristatus",0,3.75,0,0,0,85.5,0,0,0,0,0,0,0
"1351:Enterococcus faecalis",0,17.5,0,0,0,0,14.5,0,0,11.75,45.25,0,0
"175836:Buceros rhinoceros silvestris",51.5,37.5,0,0,0,0,0,0,0,0,0,0,0
"700598:Niastella koreensis GR20-10",0,0,0,0,0,0,0,0,0,59,12.5,10,6.75
"985895:Leptosphaeria maculans JN3",0,1.75,0,0,0,0,0,0,69,0,0,0,15.75
"914234:Ceriporiopsis subvermispora B",0,0,0,0,0,0,0,0,86.25,0,0,0,0
"147545:Eurotiomycetes",0,0,0,0,0,0,0,0,86,0,0,0,0
"243164:Dehalococcoides mccartyi 195",0,0,0,0,0,0,0,0,0,24,61,0,0
"760154:Sulfurospirillum barnesii SES-3",0,0,0,0,0,84.75,0,0,0,0,0,0,0
"671144:Wallemia sebi CBS 633.66",0,0,0,0,0,0,0,0,84,0,0,0,0
"933388:Penicillium oxalicum 114-2",0,0,0,0,0,0,0,0,83.75,0,0,0,0
"262:Francisella",0,0,0,0,83.5,0,0,0,0,0,0,0,0
"51315:Eimeria necatrix",0,0,0,0,0,0,0,0,0,0,65.75,0,17.75
"1253:Pediococcus",0,0,0,0,0,0,0,0,0,0,0,83.5,0
"56458:Xanthomonas sacchari",0,0,0,0,0,0,0,0,82.5,0,0,0,0
"1343840:uncultured bacterium 4050020-J15",31.5,0,25.375,0,0,0,0,6.25,0,0,0,0,0
"84566:Sphingobacteriaceae",0,0,0,0,0,0,0,0,0,25.5,0,56.5,0
"247634:marine gamma proteobacterium HTCC2148",37.5,0,0,0,0,0,44,0,0,0,0,0,0
"1453496:Hafnia alvei FB1",0,0,0,0,0,0,0,0,0,0,81.25,0,0
"382464:Verrucomicrobiae bacterium DG1235",0,0,0,0,0,70.25,0,0,10.75,0,0,0,0
"350058:Mycobacterium vanbaalenii PYR-1",0,0,0,0,0,0,0,0,80.75,0,0,0,0
"926562:Owenweeksia hongkongensis DSM 17368",0,0,0,0,14.5,0,0,0,0,26,0,19.25,21
"666685:Rhodanobacter denitrificans",0,0,0,0,0,0,0,0,79.75,0,0,0,0
"39026:Aneura pinguis",0,0,39.125,0,0,0,0,63,0,0,0,0,0
"7209:Loa loa",32.25,46,0,0,0,0,0,0,0,0,0,0,0
"358681:Brevibacillus brevis NBRC 100599",0,0,0,0,0,0,69.5,0,0,0,0,8.5,0
"1110502:Tistrella mobilis KA081020-065",0,0,0,0,0,0,0,0,78,0,0,0,0
"292459:Symbiobacterium thermophilum IAM 14863",0,0,0,0,0,0,0,0,0,12.5,35.25,19.25,10.5
"361100:Bacillus cereus Q1",0,0,0,0,0,0,0,0,0,0,0,77.25,0
"5851:Plasmodium knowlesi strain H",0,0,0,0,0,0,0,0,77.25,0,0,0,0
"1262449:Clostridium pasteurianum DSM 525 = ATCC 6013",0,0,0,0,0,0,0,0,0,14.25,20,42.75,0
"575588:Acinetobacter lwoffii SH145",0,0,11.75,0,0,0,0,0,0,0,0,0,53
"56780:Syntrophus aciditrophicus SB",0,0,0,0,0,0,0,0,76.25,0,0,0,0
"34098:Blattabacterium",0,0,25.625,0,24.75,0,0,0,0,0,0,0,0
"333849:Enterococcus faecium DO",0,75.75,0,0,0,0,0,0,0,0,0,0,0
"1730:Eubacterium",0,0,0,0,0,0,13,0,0,0,21.75,0,40.5
"1328:Streptococcus anginosus",66,0,0,0,0,0,9,0,0,0,0,0,0
"31977:Veillonellaceae",27,0,0,0,0,0,3,0,0,0,0,44.5,0
"1515:Ruminiclostridium thermocellum",0,0,0,0,0,0,0,0,0,74.5,0,0,0
"862962:Bacteroides fragilis 638R",0,0,0,0,0,0,0,0,0,73.5,0,0,0
"543736:Rhodococcus opacus PD630",73.5,0,0,0,0,0,0,0,0,0,0,0,0
"216816:Bifidobacterium longum",0,0,0,0,0,0,0,0,0,0,73.5,0,0
"53354:Streptococcus gallolyticus subsp. gallolyticus",0,0,0,0,0,0,0,0,73,0,0,0,0
"314607:beta proteobacterium KB13",0,0,2,0,0,0,0,0,68.75,0,0,0,0
"443143:Geobacter sp. M18",0,0,0,0,0,0,0,0,0,0,72.25,0,0
"904:Acidaminococcus",0,0,0,0,0,0,0,0,0,60.5,11.25,0,0
"649639:Bacillus cellulosilyticus DSM 2522",0,0,0,0,0,0,35.25,0,0,0,0,36.5,0
"328815:Manacus vitellinus",0,1,0,0,0,0,0,0,70.25,0,0,0,0
"272559:Bacteroides fragilis NCTC 9343",0,0,0,0,0,0,0,0,0,70.75,0,0,0
"5037:Histoplasma capsulatum",0,0,35.375,0,0,0,0,70.75,0,0,0,0,0
"5579:Aureobasidium",0,0,0,0,0,0,0,0,69.5,0,0,0,0
"866536:Belliella baltica DSM 15883",0,0,0,0,0,69,0,0,0,0,0,0,0
"348824:Rhizobium sp. LPU83",0,0,0,0,0,0,0,0,68,0,0,0,0
"7070:Tribolium castaneum",0,1,33.5,0,0,0,0,67,0,0,0,0,0
"9598:Pan troglodytes",41.25,26.25,0,0,0,0,0,0,0,0,0,0,0
"243090:Rhodopirellula baltica SH 1",0,0,0,0,0,0,0,0,0,0,0,67.5,0
"295405:Bacteroides fragilis YCH46",0,0,0,0,0,0,0,0,0,67.25,0,0,0
"522373:Stenotrophomonas maltophilia K279a",0,1,0,0,0,0,0,0,66,0,0,0,0
"2157:Archaea",0,0,0,0,0,66.75,0,0,0,0,0,0,0
"89373:Cytophagaceae",0,0,0,0,0,0,0,0,0,24.5,10.25,31.25,0
"262723:Mycoplasma synoviae 53",0,0,0,0,65.75,0,0,0,0,0,0,0,0
"1131820:uncultured Eggerthella sp. SMG5",0,0,0,0,0,0,0,0,0,65,0,0,0
"201174:Actinobacteria",0,0,0,0,0,0,0,0,0,11.75,52.5,0,0
"469592:Bacteroides sp. 3_1_19",0,0,0,0,0,0,0,0,0,63.75,0,0,0
"848:Fusobacterium",0,0,0,51.5,0,0,0,0,0,0,12,0,0
"580340:Thermovirga lienii DSM 17291",0,0,0,0,0,63,0,0,0,0,0,0,0
"27406:Cherax quadricarinatus",0,0,31.375,0,0,0,0,62.75,0,0,0,0,0
"183963:Halobacteria",0,0,0,0,0,62.5,0,0,0,0,0,0,0
"553174:Prevotella melaninogenica ATCC 25845",0,0,0,0,0,0,11,0,0,0,42.25,8.5,0
"756272:Planctomyces brasiliensis DSM 5305",0,0,0,0,0,0,0,0,0,0,0,61.25,0
"38946:Paracoccidioides",0,0,0,0,0,0,61,0,0,0,0,0,0
"237609:Pseudomonas alkylphenolia",0,0,0,0,0,0,0,0,60.75,0,0,0,0
"203491:Fusobacteriales",0,0,0,60.75,0,0,0,0,0,0,0,0,0
"1076588:Thiolapillus brandeum",0,0,0,0,0,60,0,0,0,0,0,0,0
"849:Fusobacterium gonidiaformans",0,0,0,23,36.75,0,0,0,0,0,0,0,0
"768486:Enterococcus hirae ATCC 9790",0,59.25,0,0,0,0,0,0,0,0,0,0,0
"171550:Rikenellaceae",0,0,0,0,0,32.75,0,0,0,0,0,26.5,0
"1032480:Microlunatus phosphovorus NM-1",0,0,0,0,0,0,0,0,58.75,0,0,0,0
"314145:Laurasiatheria",0,0,0,0,0,0,58.5,0,0,0,0,0,0
"243272:Mycoplasma arthritidis 158L3-1",0,0,0,57.75,0,0,0,0,0,0,0,0,0
"28025:Bifidobacterium animalis",0,0,0,0,0,0,0,0,0,0,57.75,0,0
"339860:Methanosphaera stadtmanae DSM 3091",0,0,0,0,57.5,0,0,0,0,0,0,0,0
"760568:Desulfotomaculum kuznetsovii DSM 6115",0,0,0,0,0,0,8.25,0,0,0,0,0,49
"655815:Zunongwangia profunda SM-A87",0,0,0,0,0,0,30.25,0,0,0,0,27,0
"322098:Aster yellows witches'-broom phytoplasma AYWB",57.25,0,0,0,0,0,0,0,0,0,0,0,0
"1396:Bacillus cereus",0,0,0,0,4.5,0,0,0,0,0,0,52.75,0
"1489305:uncultured bacterium Ad_143_A19",0,0,0,0,0,0,0,0,0,56.75,0,0,0
"36086:Trichuris",42.5,14,0,0,0,0,0,0,0,0,0,0,0
"312017:Tetrahymena thermophila SB210",0,56.25,0,0,0,0,0,0,0,0,0,0,0
"8897:Chaetura pelagica",0,56.25,0,0,0,0,0,0,0,0,0,0,0
"1200984:Streptomyces lividans 1326",0,0,0,0,0,0,0,0,56,0,0,0,0
"653733:Desulfurispirillum indicum S5",0,0,0,0,0,0,0,0,56,0,0,0,0
"436114:Sulfurihydrogenibium sp. YO3AOP1",0,0,0,0,0,0,0,0,0,0,0,55.75,0
"521097:Capnocytophaga ochracea DSM 7271",0,0,0,0,0,0,0,0,0,55.75,0,0,0
"7220:Drosophila erecta",0,0,0,0,0,0,0,0,0,55.5,0,0,0
"267748:Mycoplasma mobile 163K",0,0,0,0,0,55.25,0,0,0,0,0,0,0
"326442:Pseudoalteromonas haloplanktis TAC125",0,0,0,0,0,0,55,0,0,0,0,0,0
"269484:Ehrlichia canis str. Jake",55,0,0,0,0,0,0,0,0,0,0,0,0
"517:Bordetella",0,0,0,54,0,0,0,0,0,0,0,0,0
"129337:Geobacillus",0,0,0,0,0,0,15.75,0,0,0,0,38,0
"5039:Blastomyces dermatitidis",0,0,0,0,0,0,0,0,53.25,0,0,0,0
"871944:Spirulina sp. EEW11",0,0,26.5,0,0,0,0,53,0,0,0,0,0
"146785:Thermosynechococcus",0,0,26.5,0,0,0,0,53,0,0,0,0,0
"438753:Azorhizobium caulinodans ORS 571",0,0,0,0,0,52.75,0,0,0,0,0,0,0
"990650:Sphaerobolus stellatus SS14",0,31.75,0,0,0,0,0,0,0,0,0,0,20.25
"399:Neorhizobium galegae",0,0,0,0,0,0,0,0,51.75,0,0,0,0
"39946:Oryza sativa Indica Group",0,0,25.875,0,0,0,0,51.75,0,0,0,0,0
"28031:Lysinibacillus fusiformis",0,0,0,0,0,0,0,0,0,0,0,40.75,11
"200644:Flavobacteriales",0,0,0,0,0,0,0,0,0,0,0,51.75,0
"246197:Myxococcus xanthus DK 1622",0,0,0,0,0,0,0,0,51.25,0,0,0,0
"42256:Rubrobacter radiotolerans",0,0,0,0,0,0,0,0,0,0,0,0,51.25
"889378:Spirochaeta africana DSM 8902",0,0,0,0,0,0,0,0,0,40,11,0,0
"756499:Desulfitobacterium dehalogenans ATCC 51507",0,0,0,0,50.5,0,0,0,0,0,0,0,0
"491915:Anoxybacillus flavithermus WK1",0,0,0,0,0,0,0,0,0,0,0,0,50
"1104325:Enterococcus faecium NRRL B-2354",0,50,0,0,0,0,0,0,0,0,0,0,0
"33392:Endopterygota",0,8.25,20.875,0,0,0,0,41.75,0,0,0,0,0
"1406:Paenibacillus polymyxa",0,0,0,0,0,0,0,0,0,0,0,49.75,0
"565646:Enterococcus faecalis HIP11704",0,49.5,0,0,0,0,0,0,0,0,0,0,0
"1639:Listeria monocytogenes",0,0,24.625,0,0,0,0,49.25,0,0,0,0,0
"187272:Alkalilimnicola ehrlichii MLHE-1",0,0,0,0,0,48.75,0,0,0,0,0,0,0
"1536770:Paenibacillus sp. FSL R5-0345",0,0,0,0,0,0,0,0,0,0,0,48.75,0
"1173263:Synechococcus sp. PCC 7502",0,0,0,0,0,48.75,0,0,0,0,0,0,0
"246194:Carboxydothermus hydrogenoformans Z-2901",0,0,0,0,0,0,0,0,0,0,0,0,48.25
"119060:Burkholderiaceae",0,0,24.125,0,0,0,0,10.5,0,0,0,0,0
"1196095:Gilliamella apicola",0,0,0,0,0,0,7.75,0,40.25,0,0,0,0
"471854:Dyadobacter fermentans DSM 18053",0,0,0,0,0,0,0,0,0,40,0,7.75,0
"1172562:Helicobacter cinaedi PAGU611",0,0,0,0,0,0,47.75,0,0,0,0,0,0
"688270:Cellulophaga algicola DSM 14237",0,0,0,47.25,0,0,0,0,0,0,0,0,0
"147548:Leotiomycetes",0,0,0,0,0,0,0,0,47.25,0,0,0,0
"526224:Brachyspira murdochii DSM 12563",0,0,7.875,0,0,0,0,15.75,0,0,31.5,0,0
"983917:Rubrivivax gelatinosus IL144",0,0,0,0,0,11.25,0,0,0,35.75,0,0,0
"68448:Polypedates",0,47,0,0,0,0,0,0,0,0,0,0,0
"1423:Bacillus subtilis",0,0,0,0,0,47,0,0,0,0,0,0,0
"980422:Strawberry lethal yellows phytoplasma (CPA) str. NZSb11",0,0,0,0,46.75,0,0,0,0,0,0,0,0
"565656:Enterococcus faecium 1,230,933",0,46.5,0,0,0,0,0,0,0,0,0,0,0
"1262450:Ophiostoma piceae UAMH 11346",0,0,0,0,0,0,0,0,0,0,0,46.5,0
"95818:Candidatus Saccharibacteria",0,0,0,0,0,0,0,0,0,0,0,46.25,0
"871968:Desulfitobacterium metallireducens DSM 15288",0,0,0,0,0,0,0,0,0,0,46,0,0
"1116231:Streptococcus macedonicus ACA-DC 198",0,46,0,0,0,0,0,0,0,0,0,0,0
"43455:Cathartes aura",46,0,0,0,0,0,0,0,0,0,0,0,0
"936046:Agaricus bisporus var. bisporus H97",0,0,0,45.75,0,0,0,0,0,0,0,0,0
"1393506:uncultured bacterium Contig1762",0,0,0,45.25,0,0,0,0,0,0,0,0,0
"1147786:Pseudomonas mandelii JR-1",0,0,0,0,0,0,0,0,45,0,0,0,0
"584708:Aminomonas paucivorans DSM 12260",0,0,0,0,0,0,0,0,0,0,0,0,45
"81852:Enterococcaceae",0,45,0,0,0,0,0,0,0,0,0,0,0
"177437:Desulfobacterium autotrophicum HRM2",0,0,0,0,0,44.5,0,0,0,0,0,0,0
"338963:Pelobacter carbinolicus DSM 2380",0,0,0,44.5,0,0,0,0,0,0,0,0,0
"189426:Paenibacillus odorifer",35.75,1.25,0,0,7,0,0,0,0,0,0,0,0
"1056112:Weissella thailandensis fsh4-2",0,0,0,0,0,0,43.75,0,0,0,0,0,0
"6185:Schistosoma haematobium",0,0,0,0,43.5,0,0,0,0,0,0,0,0
"641:Vibrionaceae",0,0,0,0,0,0,0,0,0,0,0,0,43.25
"403833:Petrotoga mobilis SJ95",0,0,0,43,0,0,0,0,0,0,0,0,0
"5141:Neurospora crassa",0,0,0,0,0,0,0,0,43,0,0,0,0
"85552:Scylla paramamosain",0,9,0,34,0,0,0,0,0,0,0,0,0
"35823:Arthrospira",0,0,0,0,0,42.5,0,0,0,0,0,0,0
"1089449:Fusarium oxysporum f. sp. vasinfectum 25433",0,0,0,0,0,0,0,0,42,0,0,0,0
"553190:Gardnerella vaginalis 409-05",0,0,20.875,0,0,0,0,41.75,0,0,0,0,0
"435591:Parabacteroides distasonis ATCC 8503",0,0,0,0,0,0,0,0,0,41.75,0,0,0
"50514:Solanum demissum",0,0,20.875,0,0,0,0,41.75,0,0,0,0,0
"755732:Fluviicola taffensis DSM 16823",0,0,0,0,0,0,0,0,0,11.5,22.25,7.75,0
"485915:Desulfohalobium retbaense DSM 5692",0,0,0,0,0,41.25,0,0,0,0,0,0,0
"1091569:uncultured bacterium CSL142",0,0,20.5,0,0,0,0,41,0,0,0,0,0
"63186:Zobellia galactanivorans",0,0,0,0,0,0,0,0,0,0,0,0,41
"224027:Hydrogenothermaceae",0,0,20.5,0,0,0,0,0,0,0,0,0,0
"485917:Pedobacter heparinus DSM 2366",0,0,0,0,0,0,0,0,0,40,0,0,0
"1231626:Cardinium endosymbiont cEper1 of Encarsia pergandiella",0,0,0,0,32.5,7,0,0,0,0,0,0,0
"1156433:Streptococcus sp. I-P16",0,39.25,0,0,0,0,0,0,0,0,0,0,0
"872:Desulfovibrio",0,0,0,0,0,0,0,0,0,0,22.75,16.25,0
"269798:Cytophaga hutchinsonii ATCC 33406",0,0,0,0,0,0,0,0,0,39,0,0,0
"586416:Terribacillus aidingensis",0,0,0,0,0,0,0,0,0,0,0,0,39
"391037:Salinispora arenicola CNS-205",0,0,0,0,0,38.75,0,0,0,0,0,0,0
"351627:Caldicellulosiruptor saccharolyticus DSM 8903",0,0,0,0,0,0,13.25,0,0,0,0,25.5,0
"1155766:Enterococcus faecium Aus0004",0,6.25,0,0,0,0,0,0,0,0,32.5,0,0
"1494608:Arthrobacter sp. PAMC25486",0,0,0,0,0,0,0,0,38.5,0,0,0,0
"1307761:Salinispira pacifica",0,0,0,0,0,0,0,0,0,38.25,0,0,0
"8729:Crotalus adamanteus",38.25,0,0,0,0,0,0,0,0,0,0,0,0
"1068625:Trypanosoma congolense IL3000",0,0,0,0,0,0,37.75,0,0,0,0,0,0
"1042163:Brevibacillus laterosporus LMG 15441",0,0,0,0,0,0,2.25,0,0,0,0,0,35.25
"212717:Clostridium tetani E88",0,0,0,0,0,0,0,0,0,0,0,37.5,0
"1308:Streptococcus thermophilus",0,0,0,0,0,0,37.25,0,0,0,0,0,0
"1304:Streptococcus salivarius",0,0,0,0,37.25,0,0,0,0,0,0,0,0
"360911:Exiguobacterium sp. AT1b",0,0,0,0,37.25,0,0,0,0,0,0,0,0
"577650:Desulfobulbus propionicus DSM 2032",0,0,0,0,0,0,0,0,37.25,0,0,0,0
"1754:Thermoanaerobacter",0,0,0,0,0,0,17,0,0,0,10.75,9.25,0
"401053:Terriglobus saanensis SP1PR4",0,0,0,0,0,0,36.75,0,0,0,0,0,0
"1356852:Hymenobacter sp. APR13",0,0,0,0,0,0,0,0,0,0,0,0,36.75
"5888:Paramecium tetraurelia",0,36.75,0,0,0,0,0,0,0,0,0,0,0
"496833:Mycoplasma fermentans PG18",0,0,18,0,0,0,0,0,0,0,0,0,0
"510952:Neurospora tetrasperma FGSC 2509",0,0,0,0,0,0,0,0,35.75,0,0,0,0
"33340:Neoptera",20,15.25,0,0,0,0,0,0,0,0,0,0,0
"376686:Flavobacterium johnsoniae UW101",0,0,0,0,0,26.75,0,0,0,0,0,8.5,0
"1517:Thermoanaerobacterium thermosaccharolyticum",0,0,0,0,0,0,0,0,35,0,0,0,0
"373903:Halothermothrix orenii H 168",0,0,0,0,0,0,0,0,0,12,23,0,0
"643867:Marivirga tractuosa DSM 4126",0,0,0,0,0,35,0,0,0,0,0,0,0
"556266:Escherichia coli D9",35,0,0,0,0,0,0,0,0,0,0,0,0
"439292:[Bacillus] selenitireducens MLS10",0,0,0,34.75,0,0,0,0,0,0,0,0,0
"454166:Salmonella enterica subsp. enterica serovar Agona str. SL483",34.5,0,0,0,0,0,0,0,0,0,0,0,0
"996:Flavobacterium columnare",0,34,0,0,0,0,0,0,0,0,0,0,0
"1434011:Komagataeibacter",0,0,0,0,0,34,0,0,0,0,0,0,0
"1394711:Candidatus Saccharibacteria bacterium RAAC3_TM7_1",0,0,0,0,34,0,0,0,0,0,0,0,0
"375288:Parabacteroides",0,0,0,0,0,0,0,0,0,23.75,0,10,0
"97097:Phaethon lepturus",0,33.75,0,0,0,0,0,0,0,0,0,0,0
"89966:Hymenobacter",0,0,16.75,0,0,0,0,0,0,0,0,0,0
"443254:Marinitoga piezophila KA3",0,0,0,0,0,33.5,0,0,0,0,0,0,0
"662:Vibrio",0,0,0,0,33.5,0,0,0,0,0,0,0,0
"645133:Colletotrichum graminicola M1.001",0,0,0,0,0,0,0,0,33.25,0,0,0,0
"595500:Burkholderia glumae PG1",0,0,0,0,0,0,0,0,33.25,0,0,0,0
"1207075:Pseudomonas sp. UW4",0,0,16.625,0,0,0,0,0,0,0,0,0,0
"133815:environmental samples",0,33.25,0,0,0,0,0,0,0,0,0,0,0
"1393550:uncultured bacterium Contig29",0,0,12.375,0,0,0,0,24.75,0,0,0,8.5,0
"574087:Acetohalobium arabaticum DSM 5501",0,0,0,0,0,33,0,0,0,0,0,0,0
"945713:Ignavibacterium album JCM 16511",0,0,0,0,0,0,0,0,0,24.75,0,8.25,0
"1033837:Lactobacillus kefiranofaciens ZW3",0,0,0,33,0,0,0,0,0,0,0,0,0
"315749:Bacillus cytotoxicus NVH 391-98",0,0,0,0,0,0,0,0,0,0,0,32.5,0
"471821:uncultured Termite group 1 bacterium phylotype Rs-D17",0,0,0,0,0,0,32,0,0,0,0,0,0
"330:Pseudomonas pseudoalcaligenes",0,0,15.875,0,0,0,0,0,0,0,0,0,0
"71274:asterids",0,0,0,0,0,0,0,0,31.5,0,0,0,0
"530564:Pirellula staleyi DSM 6068",0,0,0,0,0,0,0,0,0,0,31.5,0,0
"9986:Oryctolagus cuniculus",30.75,0,0,0,0,0,0,0,0,0,0,0,0
"446465:Brachybacterium faecium DSM 4810",0,0,0,0,0,0,0,0,0,0,0,0,30.75
"727:Haemophilus influenzae",0,0,0,0,0,0,0,0,0,30.5,0,0,0
"345219:Bacillus coagulans 36D1",0,0,0,0,0,0,30.5,0,0,0,0,0,0
"1069534:Lactobacillus ruminis ATCC 27782",0,0,0,0,0,0,17.75,0,0,12,0,0,0
"441768:Acholeplasma laidlawii PG-8A",0,0,0,0,0,0,0,0,29.25,0,0,0,0
"289376:Thermodesulfovibrio yellowstonii DSM 11347",0,0,0,0,0,0,28.5,0,0,0,0,0,0
"4572:Triticum urartu",0,3.25,0,0,0,0,0,0,0,0,25,0,0
"1229662:Pestalotiopsis fici W106-1",0,28.25,0,0,0,0,0,0,0,0,0,0,0
"243365:Chromobacterium violaceum ATCC 12472",0,0,0,0,0,27.5,0,0,0,0,0,0,0
"186818:Planococcaceae",0,0,0,0,0,27.5,0,0,0,0,0,0,0
"880070:Cyclobacterium marinum DSM 745",0,0,0,0,0,0,0,0,0,0,0,27.25,0
"85620:Candidatus Phytoplasma asteris",0,0,0,0,0,27,0,0,0,0,0,0,0
"403776:Sphingobacterium sp. PM2-P1-29",0,0,0,0,0,27,0,0,0,0,0,0,0
"2419:Thermotogales",0,0,0,0,0,27,0,0,0,0,0,0,0
"219334:Lactobacillus casei subsp. casei ATCC 393",0,0,0,0,0,0,27,0,0,0,0,0,0
"246200:Ruegeria pomeroyi DSS-3",0,0,0,0,0,0,0,0,0,0,0,27,0
"364106:Escherichia coli UTI89",0,0,13.375,0,0,0,0,0,0,0,0,0,0
"75:Caulobacter",0,0,0,0,0,0,0,0,26.75,0,0,0,0
"1055687:Trypanosoma vivax Y486",0,26.25,0,0,0,0,0,0,0,0,0,0,0
"104394:Picobirnavirus",0,0,0,0,26.25,0,0,0,0,0,0,0,0
"68889:Boletales",0,0,0,0,0,0,0,0,26.25,0,0,0,0
"1415657:endosymbiont of Llaveia axin axin",0,0,13,0,0,0,0,0,0,0,0,0,0
"1291379:Treponema pedis str. T A4",0,0,0,0,0,0,0,0,0,26,0,0,0
"589873:Alteromonas australica",0,0,0,0,26,0,0,0,0,0,0,0,0
"479436:Veillonella parvula DSM 2008",0,0,0,0,0,0,26,0,0,0,0,0,0
"266940:Kineococcus radiotolerans SRS30216 = ATCC BAA-149",0,0,0,0,0,0,0,0,25.75,0,0,0,0
"1574421:Dromedary picobirnavirus",0,0,0,0,25.5,0,0,0,0,0,0,0,0
"886377:Muricauda ruestringensis DSM 13258",0,0,0,0,0,25.5,0,0,0,0,0,0,0
"52584:Brachyspira pilosicoli",0,0,0,0,0,0,25.5,0,0,0,0,0,0
"35623:Acholeplasma oculi",0,0,8.5,0,0,0,0,0,0,0,0,8.5,0
"205922:Pseudomonas fluorescens Pf0-1",0,0,12.75,0,0,0,0,0,0,0,0,0,0
"103372:Acromyrmex echinatior",0,25.25,0,0,0,0,0,0,0,0,0,0,0
"313596:Robiginitalea biformata HTCC2501",0,0,0,0,0,0,0,0,0,0,0,25.25,0
"851:Fusobacterium nucleatum",25,0,0,0,0,0,0,0,0,0,0,0,0
"716:Actinobacillus suis",0,0,0,0,0,0,0,0,0,24.5,0,0,0
"64502:Trichoderma aureoviride",0,0,0,0,0,0,0,0,24.5,0,0,0,0
"2147:Acholeplasma",0,0,0,0,0,0,0,0,0,24.25,0,0,0
"159733:uncultured Prochlorococcus sp.",0,0,0,24.25,0,0,0,0,0,0,0,0,0
"188787:Deinococci",0,0,0,24.25,0,0,0,0,0,0,0,0,0
"1132475:uncultured bacterium scaffold00056",0,0,0,0,0,0,0,0,0,0,24,0,0
"66420:Papilio xuthus",0,0,0,5.75,18.25,0,0,0,0,0,0,0,0
"1166018:Fibrella aestuarina BUZ 2",0,0,0,0,0,0,0,0,0,12.5,0,11.25,0
"451871:Eurotiomycetidae",0,0,0,0,0,0,0,0,23.25,0,0,0,0
"1456186:uncultured marine thaumarchaeote KM3_53_F08",8.25,14.75,0,0,0,0,0,0,0,0,0,0,0
"1393544:uncultured bacterium Contig248",0,0,0,0,0,0,0,0,0,0,0,23,0
"1214101:Streptomyces davawensis JCM 4913",0,0,0,0,0,0,0,0,22.75,0,0,0,0
"1454382:Bacillus cereus D17",0,0,0,0,0,0,0,0,0,0,0,22.5,0
"91561:Cetartiodactyla",22.25,0,0,0,0,0,0,0,0,0,0,0,0
"364410:Granulibacter bethesdensis",0,0,0,0,0,0,22.25,0,0,0,0,0,0
"227941:Chlamydophila caviae GPIC",0,0,0,22.25,0,0,0,0,0,0,0,0,0
"11103:Hepatitis C virus",0,0,0,0,0,0,0,0,0,0,22.25,0,0
"1358:Lactococcus lactis",0,0,0,0,0,0,0,0,21.75,0,0,0,0
"446468:Nocardiopsis dassonvillei subsp. dassonvillei DSM 43111",0,0,0,0,0,0,0,0,21.75,0,0,0,0
"272843:Pasteurella multocida subsp. multocida str. Pm70",0,0,0,0,0,0,0,0,0,0,0,21.75,0
"1489299:uncultured bacterium Ad_125_H07_contig1",0,0,0,0,0,0,0,0,0,0,21.5,0,0
"565662:Enterococcus faecium Com12",0,21.25,0,0,0,0,0,0,0,0,0,0,0
"135651:Caenorhabditis brenneri",0,21,0,0,0,0,0,0,0,0,0,0,0
"1246955:Mycoplasma cynos C142",0,0,10.375,0,0,0,0,0,0,0,0,0,0
"735332:Leptothrix ochracea L12",14.75,0,3,0,0,0,0,0,0,0,0,0,0
"1237085:Candidatus Nitrososphaera gargensis Ga9.2",0,0,0,0,0,0,0,0,0,0,0,20.25,0
"1090974:Melissococcus plutonius DAT561",0,20.25,0,0,0,0,0,0,0,0,0,0,0
"2335:Thermotoga",0,0,0,0,0,0,20.25,0,0,0,0,0,0
"1191523:Melioribacter roseus P3M-2",0,0,0,6,4.75,0,0,0,0,0,9.25,0,0
"209:Helicobacter",0,0,10,0,0,0,0,20,0,0,0,0,0
"565655:Enterococcus casseliflavus EC20",0,0,0,0,0,0,0,0,0,0,0,19.75,0
"880071:Flexibacter litoralis DSM 6794",0,0,0,0,0,0,0,0,0,0,0,19,0
"1407017:Clostridium botulinum B str. Osaka05",0,0,0,0,0,0,0,0,0,0,10.25,8.5,0
"1036726:Plasmodium falciparum NF135/5.C10",0,18.75,0,0,0,0,0,0,0,0,0,0,0
"9646:Ailuropoda melanoleuca",18.75,0,0,0,0,0,0,0,0,0,0,0,0
"169760:Paenibacillus stellifer",0,0,0,0,0,0,0,0,0,0,0,18.5,0
"1388:Alicyclobacillus acidocaldarius subsp. acidocaldarius",0,0,0,0,0,0,0,0,0,0,0,18.5,0
"1437823:Xenorhabdus nematophila AN6/1",0,0,0,0,0,0,0,0,0,0,0,18.5,0
"341663:Aspergillus terreus NIH2624",0,0,9.25,0,0,0,0,0,0,0,0,0,0
"216595:Pseudomonas fluorescens SBW25",0,0,0,0,0,0,0,0,18.5,0,0,0,0
"1508404:Jeotgalibacillus sp. D5",0,0,0,0,0,0,0,0,0,0,0,18.25,0
"10092:Mus musculus domesticus",18.25,0,0,0,0,0,0,0,0,0,0,0,0
"643648:Syntrophothermus lipocalidus DSM 12680",0,0,0,0,0,0,0,0,0,0,10.25,8,0
"191610:Corynebacterium atypicum",0,0,0,0,17.75,0,0,0,0,0,0,0,0
"278992:Streptomyces ambofaciens ATCC 23877",0,0,0,0,0,0,0,0,17.75,0,0,0,0
"693977:Deinococcus proteolyticus MRP",0,0,0,0,0,0,0,0,0,0,0,0,17.75
"565034:Brachyspira hyodysenteriae WA1",0,0,0,0,0,0,17.5,0,0,0,0,0,0
"1388766:Aspergillus ruber CBS 135680",0,17.25,0,0,0,0,0,0,0,0,0,0,0
"42254:Sorex araneus",0,17.25,0,0,0,0,0,0,0,0,0,0,0
"7719:Ciona intestinalis",0,17,0,0,0,0,0,0,0,0,0,0,0
"877455:Methanobacterium lacus",0,0,0,0,0,0,0,0,0,0,0,17,0
"1393427:uncultured bacterium Contig1450",0,0,0,0,0,0,17,0,0,0,0,0,0
"11620:Lassa virus",0,16.75,0,0,0,0,0,0,0,0,0,0,0
"474186:Enterococcus faecalis OG1RF",0,16.5,0,0,0,0,0,0,0,0,0,0,0
"10085:Cricetomys gambianus",0,0,0,0,0,0,0,0,0,0,16,0,0
"109478:Myotis brandtii",14.25,1.75,0,0,0,0,0,0,0,0,0,0,0
"1583100:Myroides sp. A21",0,0,0,0,0,15.5,0,0,0,0,0,0,0
"936154:Streptococcus parauberis KCTC 11537",0,0,0,0,15.5,0,0,0,0,0,0,0,0
"861299:Gemmatimonadetes bacterium KBS708",0,0,0,0,0,0,15.5,0,0,0,0,0,0
"573826:Candida dubliniensis CD36",0,15.25,0,0,0,0,0,0,0,0,0,0,0
"106649:Acinetobacter guillouiae",0,0,7.625,0,0,0,0,0,0,0,0,0,0
"243232:Methanocaldococcus jannaschii DSM 2661",0,0,0,15,0,0,0,0,0,0,0,0,0
"379508:Lodderomyces elongisporus NRRL YB-4239",0,0,0,0,14.75,0,0,0,0,0,0,0,0
"655827:Metarhizium acridum CQMa 102",0,0,7.375,0,0,0,0,14.75,0,0,0,0,0
"717982:Auricularia delicata TFB-10046 SS5",0,0,0,0,0,0,2.5,0,0,0,11.25,0,0
"1637:Listeria",0,0,0,0,0,0,0,0,0,0,0,0,13.75
"866775:Aerococcus urinae ACS-120-V-Col10a",0,0,0,0,4.5,0,0,0,0,0,9.25,0,0
"30455:Fulmarus glacialis",0,13.5,0,0,0,0,0,0,0,0,0,0,0
"9479:Platyrrhini",0,13.25,0,0,0,0,0,0,0,0,0,0,0
"147429:Andropogoneae",0,13.25,0,0,0,0,0,0,0,0,0,0,0
"33317:Protostomia",0,13.25,0,0,0,0,0,0,0,0,0,0,0
"632772:Rhodococcus opacus B4",0,0,0,0,0,0,0,0,13.25,0,0,0,0
"565659:Enterococcus faecium 1,141,733",0,13,0,0,0,0,0,0,0,0,0,0,0
"1220924:Cyphellophora europaea CBS 101466",0,0,0,0,0,0,0,0,13,0,0,0,0
"1354791:Halorhodospira halochloris str. A",0,0,0,0,0,0,12.75,0,0,0,0,0,0
"84642:Aeromonadaceae",0,0,0,0,0,0,12.5,0,0,0,0,0,0
"526225:Geodermatophilus obscurus DSM 43160",0,0,0,0,0,0,0,0,12.5,0,0,0,0
"1393568:uncultured bacterium Contig3b",0,0,0,0,0,12.5,0,0,0,0,0,0,0
"83558:Chlamydia pneumoniae",0,0,0,0,0,12.25,0,0,0,0,0,0,0
"9238:Pygoscelis adeliae",0,12.25,0,0,0,0,0,0,0,0,0,0,0
"6340:Annelida",0,12,0,0,0,0,0,0,0,0,0,0,0
"388919:Streptococcus sanguinis SK36",0,0,0,0,0,0,0,0,0,12,0,0,0
"273068:Caldanaerobacter subterraneus subsp. tengcongensis MB4",0,0,0,0,0,0,0,0,0,12,0,0,0
"944289:Gymnopus luxurians FD-317 M1",0,0,0,0,0,0,0,0,0,12,0,0,0
"537971:Helicobacter cinaedi CCUG 18818",0,0,0,0,11.75,0,0,0,0,0,0,0,0
"553199:Propionibacterium acnes SK137",0,11.75,0,0,0,0,0,0,0,0,0,0,0
"710834:uncultured delta proteobacterium HF0500_03A04",0,11.75,0,0,0,0,0,0,0,0,0,0,0
"1412480:Salmonella enterica subsp. enterica serovar Enteritidis str. SA20084644",0,0,0,0,0,0,0,0,0,0,0,11.5,0
"195:Campylobacter coli",0,0,0,0,0,0,0,0,11.5,0,0,0,0
"933852:Serendipita vermifera MAFF 305830",0,0,5.75,0,0,0,0,11.5,0,0,0,0,0
"537970:Helicobacter canadensis MIT 98-5491",0,0,5.625,0,0,0,0,0,0,0,0,0,0
"69328:Pseudomonas sp. VLB120",0,0,5.625,0,0,0,0,0,0,0,0,0,0
"1613:Lactobacillus fermentum",0,11.25,0,0,0,0,0,0,0,0,0,0,0
"7238:Drosophila sechellia",0,0,0,0,0,0,0,0,11.25,0,0,0,0
"198804:Buchnera aphidicola str. Sg (Schizaphis graminum)",0,0,0,0,0,0,0,0,0,0,11,0,0
"1004951:Streptococcus suis ST1",0,0,5.5,0,0,0,0,11,0,0,0,0,0
"145260:Methanothermobacter",0,0,0,0,0,11,0,0,0,0,0,0,0
"370438:Pelotomaculum thermopropionicum SI",0,0,0,0,0,0,0,0,0,0,11,0,0
"381410:Alternanthera philoxeroides",0,11,0,0,0,0,0,0,0,0,0,0,0
"94695:Methanosarcinales",0,0,0,0,11,0,0,0,0,0,0,0,0
"28453:Sphingobacterium",0,0,0,0,0,0,0,0,0,0,0,0,11
"1218173:Bacillus alcalophilus ATCC 27647",0,0,0,0,0,0,0,0,0,0,0,0,10.75
"129526:HERV-H/env60",0,10.75,0,0,0,0,0,0,0,0,0,0,0
"573:Klebsiella pneumoniae",0,0,5.375,0,0,0,0,0,0,0,0,0,0
"981350:Komagataella pastoris CBS 7435",0,0,0,0,0,0,0,0,10.5,0,0,0,0
"548:Enterobacter aerogenes",0,10.5,0,0,0,0,0,0,0,0,0,0,0
"885272:Jonquetella anthropi DSM 22815",0,0,0,0,0,0,0,0,0,0,10.5,0,0
"1213859:Colletotrichum gloeosporioides Nara gc5",0,0,5.25,0,0,0,0,0,0,0,0,0,0
"50225:Taraxacum officinale",0,0,5,0,0,0,0,10,0,0,0,0,0
"1069533:Streptococcus infantarius subsp. infantarius CJ18",0,0,0,0,0,0,0,0,0,0,0,10,0
"9903:Bos",0,10,0,0,0,0,0,0,0,0,0,0,0
"1229671:Mycobacterium avium subsp. hominissuis TH135",0,0,5,0,0,0,0,10,0,0,0,0,0
"1313:Streptococcus pneumoniae",0,0,0,0,0,0,0,0,0,0,0,10,0
"864051:Burkholderiales bacterium JOSHI_001",0,0,0,0,0,0,9.75,0,0,0,0,0,0
"196162:Nocardioides sp. JS614",0,0,0,0,0,0,0,0,9.75,0,0,0,0
"443821:Cerapachys biroi",0,9.75,0,0,0,0,0,0,0,0,0,0,0
"7260:Drosophila willistoni",0,0,0,0,0,0,0,0,0,0,9.75,0,0
"262543:Exiguobacterium sibiricum 255-15",0,0,0,0,0,0,0,0,0,0,0,0,9.75
"9615:Canis lupus familiaris",0,9.75,0,0,0,0,0,0,0,0,0,0,0
"742013:Delftia sp. Cs1-4",0,0,0,0,0,0,0,0,9.5,0,0,0,0
"796606:Bacillus methanolicus MGA3",0,0,0,0,9.5,0,0,0,0,0,0,0,0
"243275:Treponema denticola ATCC 35405",0,0,0,0,0,0,0,0,0,0,9.5,0,0
"946362:Salpingoeca rosetta",0,0,0,0,0,0,0,0,0,0,9.5,0,0
"446471:Xylanimonas cellulosilytica DSM 15894",0,0,0,0,0,0,0,0,9.5,0,0,0,0
"7868:Callorhinchus milii",0,9.5,0,0,0,0,0,0,0,0,0,0,0
"622312:Roseburia inulinivorans DSM 16841",0,0,0,0,0,0,0,0,0,0,0,9.5,0
"697284:Paenibacillus larvae subsp. larvae DSM 25430",0,0,0,0,0,0,0,0,0,0,0,9.25,0
"5833:Plasmodium falciparum",6.5,2.75,0,0,0,0,0,0,0,0,0,0,0
"61624:Paenibacillus mucilaginosus",0,0,0,0,0,0,0,0,9.25,0,0,0,0
"578456:Tremella mesenterica DSM 1558",0,9.25,0,0,0,0,0,0,0,0,0,0,0
"350701:Burkholderia dolosa AUO158",0,0,0,0,0,0,0,0,9.25,0,0,0,0
"748449:Halobacteroides halobius DSM 5150",0,0,0,0,0,0,0,0,0,0,0,9.25,0
"1173026:Gloeocapsa sp. PCC 7428",0,0,0,0,0,0,9,0,0,0,0,0,0
"710808:uncultured alpha proteobacterium HF0130_06E21",0,0,0,0,0,0,0,0,9,0,0,0,0
"1051891:Tulasnella calospora MUT 4182",0,0,0,0,8.75,0,0,0,0,0,0,0,0
"2160:Methanobacterium",0,0,0,0,0,0,0,0,0,0,0,8.75,0
"435998:Serratia marcescens WW4",0,8.75,0,0,0,0,0,0,0,0,0,0,0
"266117:Rubrobacter xylanophilus DSM 9941",0,0,0,0,0,0,0,0,0,0,0,8.75,0
"93061:Staphylococcus aureus subsp. aureus NCTC 8325",0,0,0,0,0,0,0,0,0,0,0,8.5,0
"9555:Papio anubis",0,8.5,0,0,0,0,0,0,0,0,0,0,0
"572511:Blautia",0,0,0,0,0,0,0,0,0,0,0,8.5,0
"174633:Candidatus Kuenenia stuttgartiensis",0,0,0,0,0,0,0,0,0,0,0,8.5,0
"523794:Leptotrichia buccalis C-1013-b",0,0,0,0,0,0,0,0,0,0,0,8,0
"96561:Desulfococcus oleovorans Hxd3",0,0,4,0,0,0,0,8,0,0,0,0,0
"279965:Caprimulgus carolinensis",8,0,0,0,0,0,0,0,0,0,0,0,0
"555778:Halothiobacillus neapolitanus c2",0,0,0,0,0,0,0,0,0,0,0,8,0
"117743:Flavobacteriia",0,0,0,8,0,0,0,0,0,0,0,0,0
"668336:Aggregatibacter actinomycetemcomitans D11S-1",7.75,0,0,0,0,0,0,0,0,0,0,0,0
"857087:Methylomonas methanica MC09",0,0,0,0,0,0,0,0,0,0,0,7.75,0
"196600:Vibrio vulnificus YJ016",0,5,0,0,0,0,2.5,0,0,0,0,0,0
"309799:Dictyoglomus thermophilum H-6-12",0,0,0,0,0,0,7.5,0,0,0,0,0,0
"868595:Desulfotomaculum carboxydivorans CO-1-SRB",0,0,0,0,0,0,0,0,0,0,0,0,7.5
"880073:Caldithrix abyssi DSM 13497",0,0,0,0,0,0,0,0,0,0,0,0,7.25
"314293:Simiiformes",7.25,0,0,0,0,0,0,0,0,0,0,0,0
"1385664:Hymenobacter sp. DG25B",0,0,0,0,0,0,0,0,0,0,0,0,7.25
"947980:Lactobacillus phage LF1",0,7.25,0,0,0,0,0,0,0,0,0,0,0
"1094508:Thermoanaerobacterium saccharolyticum JW/SL-YS485",0,0,0,0,0,0,6.75,0,0,0,0,0,0
"1130964:Sphingomonas sp. 615",6.75,0,0,0,0,0,0,0,0,0,0,0,0
"9397:Chiroptera",0,6.75,0,0,0,0,0,0,0,0,0,0,0
"619300:Spathaspora passalidarum NRRL Y-27907",0,6.75,0,0,0,0,0,0,0,0,0,0,0
"41514:Salmonella enterica subsp. arizonae serovar 62:z4,z23:-",6.5,0,0,0,0,0,0,0,0,0,0,0,0
"660470:Mesotoga prima MesG1.Ag.4.2",0,0,0,0,0,6.5,0,0,0,0,0,0,0
"68298:Syntrophomonadaceae",0,0,0,6.5,0,0,0,0,0,0,0,0,0
"69266:Vaccinium corymbosum",0,0,3.25,0,0,0,0,6.5,0,0,0,0,0
"656417:Escherichia coli M605",6.25,0,0,0,0,0,0,0,0,0,0,0,0
"85066:Corvus brachyrhynchos",0,6.25,0,0,0,0,0,0,0,0,0,0,0
"83560:Chlamydia muridarum",0,0,0,0,0,0,6.25,0,0,0,0,0,0
"204434:Acidobacteriaceae",0,0,0,0,0,6,0,0,0,0,0,0,0
"9604:Hominidae",0,6,0,0,0,0,0,0,0,0,0,0,0
"56313:Tyto alba",0,6,0,0,0,0,0,0,0,0,0,0,0
"257363:Rickettsia typhi str. Wilmington",6,0,0,0,0,0,0,0,0,0,0,0,0
"1328859:Escherichia coli O157:H7 str. SS17",6,0,0,0,0,0,0,0,0,0,0,0,0
"759914:Brachyspira pilosicoli 95/1000",0,0,0,0,0,0,5.75,0,0,0,0,0,0
"52972:Polaromonas",0,0,2.875,0,0,0,0,0,0,0,0,0,0
"559882:Trichophyton equinum CBS 127.97",0,5.5,0,0,0,0,0,0,0,0,0,0,0
"32523:Tetrapoda",0,5.5,0,0,0,0,0,0,0,0,0,0,0
"1415603:Chlorella sp. ArM0029B",0,0,0,5.5,0,0,0,0,0,0,0,0,0
"388467:Planktothrix agardhii NIVA-CYA 126/8",0,0,0,5.25,0,0,0,0,0,0,0,0,0
"1354:Enterococcus hirae",0,5.25,0,0,0,0,0,0,0,0,0,0,0
"766764:Debaryomycetaceae",0,5.25,0,0,0,0,0,0,0,0,0,0,0
"1215088:Pseudomonas putida HB3267",0,0,2.625,0,0,0,0,0,0,0,0,0,0
"314315:Lactobacillus sakei subsp. sakei 23K",0,0,0,0,4.75,0,0,0,0,0,0,0,0
"86665:Bacillus halodurans",0,4.75,0,0,0,0,0,0,0,0,0,0,0
"574145:Demodex brevis",0,4.75,0,0,0,0,0,0,0,0,0,0,0
"1598:Lactobacillus reuteri",0,4.5,0,0,0,0,0,0,0,0,0,0,0
"57270:Plasmodium falciparum Palo Alto/Uganda",0,4.5,0,0,0,0,0,0,0,0,0,0,0
"412694:Bacillus thuringiensis str. Al Hakam",0,4.25,0,0,0,0,0,0,0,0,0,0,0
"930991:Paxillus rubicundulus Ve08.2h10",0,0,0,0,4.25,0,0,0,0,0,0,0,0
"36668:Formicidae",0,4.25,0,0,0,0,0,0,0,0,0,0,0
"679716:Trypanosoma brucei gambiense DAL972",0,4.25,0,0,0,0,0,0,0,0,0,0,0
"1432317:Nemertopsis sp. WYS-2013",0,4,0,0,0,0,0,0,0,0,0,0,0
"33194:Bipolaris",0,4,0,0,0,0,0,0,0,0,0,0,0
"1388763:Pseudomonas mosselii SJ10",0,0,2,0,0,0,0,0,0,0,0,0,0
"225164:Lottia gigantea",0,4,0,0,0,0,0,0,0,0,0,0,0
"1747:Propionibacterium acnes",0,4,0,0,0,0,0,0,0,0,0,0,0
"190966:uncultured pig faeces bacterium",0,0,0,0,3.75,0,0,0,0,0,0,0,0
"1043003:Aureobasidium melanogenum CBS 110374",0,0,0,0,3.75,0,0,0,0,0,0,0,0
"265522:Hyposoter fugitivus ichnovirus",0,3.75,0,0,0,0,0,0,0,0,0,0,0
"692275:Sphaerulina musiva SO2202",0,3.75,0,0,0,0,0,0,0,0,0,0,0
"395493:Beggiatoa alba B18LD",0,0,0,0,0,0,3.75,0,0,0,0,0,0
"981539:Streptococcus gallolyticus subsp. gallolyticus ATCC 43143",0,3.5,0,0,0,0,0,0,0,0,0,0,0
"219305:Micromonospora sp. ATCC 39149",0,0,0,0,3.5,0,0,0,0,0,0,0,0
"575612:Prevotella melaninogenica D18",0,0,0,0,0,0,3.25,0,0,0,0,0,0
"457406:Micromonospora sp. M42",0,0,0,0,0,0,3.25,0,0,0,0,0,0
"981540:Streptococcus pasteurianus ATCC 43144",0,3.25,0,0,0,0,0,0,0,0,0,0,0
"182217:Helicobacter cetorum MIT 00-7128",0,3,0,0,0,0,0,0,0,0,0,0,0
"81682:Methylovorus",0,0,0,0,0,0,3,0,0,0,0,0,0
"57059:Tityus discrepans",0,3,0,0,0,0,0,0,0,0,0,0,0
"5476:Candida albicans",0,2.5,0,0,0,0,0,0,0,0,0,0,0
"1453988:Campylobacter lari RM16712",0,0,0,0,0,0,2.5,0,0,0,0,0,0
"1084570:Pseudomonas sp. 19-rlim",0,0,0,0,0,0,2.5,0,0,0,0,0,0
"420245:Leishmania braziliensis MHOM/BR/75/M2904",0,2,0,0,0,0,0,0,0,0,0,0,0
"1163745:Helicobacter cetorum MIT 99-5656",0,2,0,0,0,0,0,0,0,0,0,0,0
"655183:Lactobacillus casei group",0,2,0,0,0,0,0,0,0,0,0,0,0
"1036725:Plasmodium falciparum Tanzania (2000708)",0,2,0,0,0,0,0,0,0,0,0,0,0
"2747:Carnobacterium",0,2,0,0,0,0,0,0,0,0,0,0,0
"314295:Hominoidea",0,1.75,0,0,0,0,0,0,0,0,0,0,0
"544711:Histoplasma capsulatum H88",0,1.75,0,0,0,0,0,0,0,0,0,0,0
"345341:Kutzneria sp. 744",0,1.75,0,0,0,0,0,0,0,0,0,0,0
"55661:Cuculus canorus",0,1.5,0,0,0,0,0,0,0,0,0,0,0
"665912:Bipolaris sorokiniana ND90Pr",0,1.5,0,0,0,0,0,0,0,0,0,0,0
"930091:Bipolaris victoriae FI3",0,1.25,0,0,0,0,0,0,0,0,0,0,0
"365659:Streptococcus mitis B6",0,1,0,0,0,0,0,0,0,0,0,0,0
"7234:Drosophila persimilis",0,1,0,0,0,0,0,0,0,0,0,0,0
"1206794:Ecdysozoa",0,1,0,0,0,0,0,0,0,0,0,0,0
